"","TIME","PUN","DEM","SOLAR","WIND"
"1",2015-01-01,14.7633333333333,5057202,13953.0715,51556.45
"2",2015-01-02,4.95416666666667,5454168,8335.207,125443.7605
"3",2015-01-03,18.6470833333333,5206963,6160.8235,106554.6955
"4",2015-01-04,13.5233333333333,4884862,16323.526,197376.0355
"5",2015-01-05,36.1770833333333,5902328,18572.3815,155680.716
"6",2015-01-06,33.66875,5983648,30892.0675,52815.5155
"7",2015-01-07,38.5904166666667,6202135,10804.3635,55452.252
"8",2015-01-08,28.0479166666667,6206605,7732.6005,74925.0045
"9",2015-01-09,24.4825,6234886,7608.96,183870.1945
"10",2015-01-10,12.1520833333333,5653187,9913.7975,227182.1645
"11",2015-01-11,1.48875,5303838,19330.098,185655.7065
"12",2015-01-12,22.56125,6460234,13440.827,177420.2795
"13",2015-01-13,24.97125,6480700,44873.243,79386.3055
"14",2015-01-14,27.6754166666667,6714538,18482.615,77871.4925
"15",2015-01-15,24.7595833333333,6727743,14749.029,113396.9325
"16",2015-01-16,33.8866666666667,6611553,23803.821,69809.897
"17",2015-01-17,31.2620833333333,5831557,19814.5475,87299.6735
"18",2015-01-18,27.1820833333333,5521018,33182.825,29831.398
"19",2015-01-19,42.7454166666667,6656785,28191.9625,13148.4435
"20",2015-01-20,47.0016666666667,6650335,16384.891,23397.255
"21",2015-01-21,44.92875,6636047,43581.663,21434.955
"22",2015-01-22,43.8845833333333,6647192,19123.479,51123.61
"23",2015-01-23,42.25875,6593095,17511.28,102476.0205
"24",2015-01-24,29.5604166666667,5755834,14158.8075,169001.898
"25",2015-01-25,28.4279166666667,5370685,12800.836,163105.419
"26",2015-01-26,37.2291666666667,6524174,8774.9565,66122.7315
"27",2015-01-27,33.2120833333333,6730375,13455.302,86316.1315
"28",2015-01-28,27.47375,6816186,11822.92,101038.007
"29",2015-01-29,26.93,6842688,17250.0835,109225.8485
"30",2015-01-30,38.2925,6810891,17344.398,128017.463
"31",2015-01-31,29.7779166666667,5767040,20156.522,59667.206
"32",2015-02-01,29.2370833333333,5374303,16977.574,29243.834
"33",2015-02-02,42.47125,6564954,28942.7845,59443.528
"34",2015-02-03,45.7570833333333,6713980,31603.731,35187.492
"35",2015-02-04,48.49375,6716492,31520.103,32788.1355
"36",2015-02-05,43.5716666666667,6728420,24687.6885,41528.2525
"37",2015-02-06,39.2866666666667,6643213,39779.807,87889.422
"38",2015-02-07,25.5195833333333,5690160,36135.966,110468.7505
"39",2015-02-08,13.3341666666667,5408152,37306.94,205066.726
"40",2015-02-09,27.9275,6383995,11122.7995,185579.1135
"41",2015-02-10,44.39625,6754983,18120.921,156429.7875
"42",2015-02-11,48.5766666666667,6785016,40155.464,47476.683
"43",2015-02-12,48.1508333333333,6648970,60837.5755,50440.79
"44",2015-02-13,38.6075,6625037,68863.9235,87685.813
"45",2015-02-14,32.7391666666667,5797303,53812.3305,89517.705
"46",2015-02-15,29.26625,5424746,68843.522,71289.0805
"47",2015-02-16,35.63,6570199,64390.506,53929.875
"48",2015-02-17,42.995,6673123,50266.0615,67695.0715
"49",2015-02-18,43.2220833333333,6658805,53830.1,17860.8375
"50",2015-02-19,37.9191666666667,6703004,70015.539,25642.1085
"51",2015-02-20,30.905,6676441,54370.4045,66196.399
"52",2015-02-21,30.6879166666667,5750227,38809.8565,121356.204
"53",2015-02-22,32.7645833333333,5343663,50302.297,50648.97
"54",2015-02-23,31.9775,6506323,24784.972,63282.299
"55",2015-02-24,34.80125,6701676,46248.736,78766.3145
"56",2015-02-25,44.32875,6714786,54465.7365,152429.305
"57",2015-02-26,37.1225,6707923,72599.324,92634.06
"58",2015-02-27,38.9370833333333,6546442,57902.18,30292.477
"59",2015-02-28,28.8108333333333,5851677,72895.122,52814.8095
"60",2015-03-01,11.0066666666667,5485946,35269.2645,70572.066
"61",2015-03-02,26.5654166666667,6694976,55523.2085,113614.2425
"62",2015-03-03,27.60875,6774385,85229.8485,130789.223
"63",2015-03-04,26.2066666666667,6656960,79474.004,84007.355
"64",2015-03-05,36.595,6490605,77380.947,97728.6295
"65",2015-03-06,40.0945833333333,6687659,67598.565,75524.007
"66",2015-03-07,27.99625,5807337,104773.1135,40627.259
"67",2015-03-08,22.8233333333333,5512699,124052.697,49038.517
"68",2015-03-09,39.0945833333333,6642963,97245.318,65996.3355
"69",2015-03-10,37.7741666666667,6731898,90303.4505,22773.2105
"70",2015-03-11,34.9554166666667,6567572,104910.043,110410.4575
"71",2015-03-12,39.3675,6540321,101772.453,139108.673
"72",2015-03-13,36.8020833333333,6423684,94752.2575,102531.541
"73",2015-03-14,31.985,5871955,62250.622,48012.8045
"74",2015-03-15,27.1866666666667,5466693,80451.4415,78520.8185
"75",2015-03-16,30.85625,6334629,110754.1145,98003.544
"76",2015-03-17,32.12125,6447682,120280.028,55053.34
"77",2015-03-18,36.5129166666667,6526123,135766.1085,38166.1445
"78",2015-03-19,37.3529166666667,6488815,126227.748,21936.9915
"79",2015-03-20,35.30375,6320704,128188.1445,21234.6835
"80",2015-03-21,30.4716666666667,5564294,69261.0615,49540.7895
"81",2015-03-22,26.3316666666667,5201183,100846.6155,73738.5185
"82",2015-03-23,41.3729166666667,6336607,134441.035,45793.9675
"83",2015-03-24,48.2,6436618,97391.098,90609.3715
"84",2015-03-25,39.3045833333333,6376878,97040.86,84605.5265
"85",2015-03-26,40.8279166666667,6390153,47777.291,55276.2075
"86",2015-03-27,33.6041666666667,6352975,68185.3615,151901.1765
"87",2015-03-28,26.4045833333333,5569650,89265.258,147128.9765
"88",2015-03-29,9.8375,5105004,30764.3235,84546.7405
"89",2015-03-30,18.69875,6399361,72685.8765,171638.928
"90",2015-03-31,16.97,6515006,48729.4555,183860.411
"91",2015-04-01,20.6808333333333,6665837,98587.7095,236424.433
"92",2015-04-02,32.0529166666667,6630187,85676.701,202837.308
"93",2015-04-03,24.14125,5400767,122065.162,114462.2055
"94",2015-04-04,28.0925,5263076,95242.394,28810.6435
"95",2015-04-05,25.2554166666667,4885877,165105.367,71368.169
"96",2015-04-06,26.4320833333333,4878105,112895.17,105211.023
"97",2015-04-07,36.0275,6224789,152369.709,152743.5555
"98",2015-04-08,42.1758333333333,6412160,112535.877,138790.8635
"99",2015-04-09,42.2479166666667,6274909,152970.879,46137.1895
"100",2015-04-10,35.66375,6130340,163745.4945,57751.0985
"101",2015-04-11,19.6175,5369262,119417.5505,62607.151
"102",2015-04-12,0.0841666666666669,5024203,150500.223,88444.066
"103",2015-04-13,24.0745833333333,6151854,137207.8335,103101.8645
"104",2015-04-14,32.04875,6269963,145376.4885,74018.4965
"105",2015-04-15,27.0983333333333,5960503,175848.308,69610.5715
"106",2015-04-16,34.6370833333333,6197257,155058.2225,34375.7525
"107",2015-04-17,37.3483333333333,6174178,94003.0895,50601.8665
"108",2015-04-18,26.4529166666667,5205658,165372.302,88732.431
"109",2015-04-19,23.4804166666667,4887960,178445.664,30050.1
"110",2015-04-20,32.68,6116382,180765.431,102008.797
"111",2015-04-21,30.1995833333333,6040583,186987.267,114829.3545
"112",2015-04-22,36.12875,6074198,157208.0025,49448.905
"113",2015-04-23,34.5516666666667,6145428,164725.567,24509.02
"114",2015-04-24,33.2825,6032225,187998.529,41014.582
"115",2015-04-25,26.205,5136413,90120.2325,62596.543
"116",2015-04-26,23.42375,4869960,115718.638,38847.973
"117",2015-04-27,35.2666666666667,5989005,100837.581,121151.0445
"118",2015-04-28,36.8191666666667,6127352,103304.317,142607.2715
"119",2015-04-29,32.3283333333333,6094675,177644.7155,83148.064
"120",2015-04-30,34.8604166666667,6202386,117582.34,48740.6125
"121",2015-05-01,23.0870833333333,4898306,70757.9655,28551.81575
"122",2015-05-02,25.98,5201740,112287.6225,44742.21425
"123",2015-05-03,16.1483333333333,4709477,44466.481,55233.872
"124",2015-05-04,31.9416666666667,5756694,102670.4645,39649.495
"125",2015-05-05,26.7658333333333,6149949,115705.7425,81330.46975
"126",2015-05-06,25.4629166666667,6138498,150935.571,108156.8825
"127",2015-05-07,28.7833333333333,6304738,162468.5665,74305.324
"128",2015-05-08,29.3725,6178065,168132.9495,29030.12025
"129",2015-05-09,15.62375,5051256,117696.2835,69257.1295
"130",2015-05-10,3.98458333333333,4801205,174331.31,132444.18475
"131",2015-05-11,29.4933333333333,6008375,187189.174,47382.66525
"132",2015-05-12,29.0529166666667,6117126,157021.6785,85629.7015
"133",2015-05-13,26.72375,5851558,178629.902,56626.68625
"134",2015-05-14,20.2725,4897376,162470.9785,46185.37975
"135",2015-05-15,30.58875,5666230,138592.713,22984.5135
"136",2015-05-16,19.3966666666667,5092412,152236.685,36853.88075
"137",2015-05-17,13.11125,4847268,138008.443,66887.4285
"138",2015-05-18,30.0045833333333,5790954,161936.0545,53795.573
"139",2015-05-19,29.2683333333333,6128699,115078.0595,58882.6025
"140",2015-05-20,34.7604166666667,6083084,106481.14,63819.6535
"141",2015-05-21,34.1195833333333,5880216,141528.6075,95590.97675
"142",2015-05-22,31.16375,5880724,151027.9425,104411.03575
"143",2015-05-23,23.9833333333333,5026911,117425.4755,80303.4015
"144",2015-05-24,19.5220833333333,4503647,151359.047,54191.441
"145",2015-05-25,24.1754166666667,4585477,115050.911,73242.05375
"146",2015-05-26,32.8995833333333,5883546,122393.558,107928.3435
"147",2015-05-27,32.2033333333333,5984401,142645.1615,123939.9245
"148",2015-05-28,30.4775,6037704,150397.448,48710.006
"149",2015-05-29,30.57375,5874654,139584.038,39226.48525
"150",2015-05-30,21.5558333333333,5028621,144829.108,53239.47075
"151",2015-05-31,14.7454166666667,4541148,142863.0635,50440.7245
"152",2015-06-01,32.2025,5856384,133516.1175,32681.46875
"153",2015-06-02,21.1883333333333,5937071,147529.68,55081.16075
"154",2015-06-03,29.5058333333333,5947948,156358.771,44128.14525
"155",2015-06-04,28.14375,5259269,198081.3155,56442.104
"156",2015-06-05,29.4783333333333,5514549,204920.094,27806.20375
"157",2015-06-06,23.1283333333333,4923107,166561.6765,34699.50575
"158",2015-06-07,18.49875,4647977,158154.1685,23206.84075
"159",2015-06-08,30.71375,5896168,139610.1695,28853.90675
"160",2015-06-09,34.0270833333333,5904237,118006.0825,70827.521
"161",2015-06-10,32.46,5910088,178336.557,50791.7215
"162",2015-06-11,35.97375,5686742,185294.827,24513.94725
"163",2015-06-12,34.9683333333333,5724284,194108.9345,66284.7855
"164",2015-06-13,25.62,4991253,136072.989,38990.326
"165",2015-06-14,18.9170833333333,4050711,154100.4075,33069.1345
"166",2015-06-15,32.3525,5838217,115557.3515,61808.894
"167",2015-06-16,37.3604166666667,5886830,138845.1545,64526.04625
"168",2015-06-17,31.52,5211045,177164.0855,75325.616
"169",2015-06-18,32.565,5982611,81516.2885,44879.53975
"170",2015-06-19,32.62875,5993195,111711.1975,80287.5765
"171",2015-06-20,27.5925,5080704,110308.8985,64568.91075
"172",2015-06-21,23.49125,4092257,114127.333,61827.0565
"173",2015-06-22,33.4491666666667,5899651,88239.589,38593.2555
"174",2015-06-23,31.6141666666667,5931646,129274.0515,57498.42975
"175",2015-06-24,31.12375,5243923,138717.5515,48177.32375
"176",2015-06-25,36.5541666666667,5963343,160841.471,33585.787
"177",2015-06-26,36.0420833333333,5864164,146725.4205,42159.81175
"178",2015-06-27,28.6441666666667,4951168,113352.0155,46862.3655
"179",2015-06-28,21.93875,4116496,177078.6945,72420.22575
"180",2015-06-29,35.9604166666667,5821173,160128.35,24526.4205
"181",2015-06-30,35.6291666666667,5910599,192839.8735,10020.99775
"182",2015-07-01,33.4220833333333,5967726,198512.7545,22401.30575
"183",2015-07-02,34.0204166666667,6030744,197886.0265,30225.073
"184",2015-07-03,45.135,6079755,192065.43,29102.71725
"185",2015-07-04,33.2491666666667,5053386,193299.222,19009.8285
"186",2015-07-05,28.0045833333333,4607155,181096.7135,17381.234
"187",2015-07-06,38.6858333333333,5903296,176235.523,45360.05625
"188",2015-07-07,47.5129166666667,6027684,176676.4715,26915.62975
"189",2015-07-08,29.3745833333333,5958837,126484.579,105342.54175
"190",2015-07-09,28.7958333333333,6012362,137159.5885,122766.78975
"191",2015-07-10,33.1779166666667,6176324,193965.915,60812.53925
"192",2015-07-11,32.6379166666667,5319957,189790.727,13881.34825
"193",2015-07-12,27.7425,4828247,140257.138,26944.49
"194",2015-07-13,40.9654166666667,6110925,77781.8485,80782.77175
"195",2015-07-14,42.3758333333333,6145977,93677.1915,60513.226
"196",2015-07-15,47.6120833333333,6083329,145606.955,35760.95475
"197",2015-07-16,45.3795833333333,6111321,170992.23,14599.55
"198",2015-07-17,38.405,6062154,176034.098,20054.4175
"199",2015-07-18,37.4833333333333,5372034,145621.0605,23546.65275
"200",2015-07-19,28.6825,4992624,104867.5655,55996.513
"201",2015-07-20,42.8754166666667,6021984,140643.5005,51735.19
"202",2015-07-21,45.6079166666667,6117054,144007.345,22662.3055
"203",2015-07-22,46.5395833333333,6145975,158509.873,22542.1785
"204",2015-07-23,47.47,6196153,122594.3745,40037.719
"205",2015-07-24,43.97625,6011551,147008.0585,25504.368
"206",2015-07-25,13.8545833333333,5170201,116704.866,89659.28075
"207",2015-07-26,13.1675,4722141,150479.80725,66959.9235
"208",2015-07-27,30.6845833333333,6074476,100692.831,53662.07375
"209",2015-07-28,24.7516666666667,6155771,128647.03,70167.74925
"210",2015-07-29,27.0445833333333,6120894,107510.6595,53078.88825
"211",2015-07-30,25.1533333333333,6158928,153633.7155,51645.417
"212",2015-07-31,30.5820833333333,6139624,188763.3165,32400.2345
"213",2015-08-01,21.7466666666667,5144447,160739.8325,50659.4135
"214",2015-08-02,17.5766666666667,4745826,164164.757,17161.9575
"215",2015-08-03,29.4608333333333,5926956,187558.552,18074.1015
"216",2015-08-04,33.4729166666667,6012007,136739.479,28268.9245
"217",2015-08-05,34.7625,5891053,171796.075,21843.4425
"218",2015-08-06,34.4820833333333,6016515,178608.0285,16807.0645
"219",2015-08-07,34.1970833333333,5907798,168092.0965,18688.687
"220",2015-08-08,28.0229166666667,4984254,156469.1155,32454.9595
"221",2015-08-09,27.21375,4549671,149688.7525,25748.888
"222",2015-08-10,34.35875,5826817,139523.97,17461.438
"223",2015-08-11,38.7808333333333,5944486,140509.454,15378.7235
"224",2015-08-12,37.535,5971630,153569.6635,15653.0145
"225",2015-08-13,33.7995833333333,6101796,172360.836,25170.048
"226",2015-08-14,30.97375,6144224,146496.1135,55174.5095
"227",2015-08-15,32.4220833333333,5205430,107031.919,31843.798
"228",2015-08-16,29.9220833333333,4684827,52796.4135,26130.522
"229",2015-08-17,40.41125,5943273,46538.7605,68192.3835
"230",2015-08-18,37.8379166666667,6038500,88862.86,114753.102
"231",2015-08-19,39.3879166666667,5942601,112482.9685,32741.7135
"232",2015-08-20,36.8991666666667,5798830,115510.841,27839.9115
"233",2015-08-21,32.56125,5854120,159047.6715,16190.918
"234",2015-08-22,26.3758333333333,5071313,177070.894,20270.089
"235",2015-08-23,16.6366666666667,4783613,163190.3455,81250.59
"236",2015-08-24,30.835,6156407,101247.3645,140245.025
"237",2015-08-25,26.7541666666667,6347619,122454.7305,71744.001
"238",2015-08-26,28.6391666666667,6304772,162720.6565,32992.485
"239",2015-08-27,31.8770833333333,6414613,114982.484,56660.5945
"240",2015-08-28,41.3245833333333,6251524,104004.3265,19855.5405
"241",2015-08-29,29.70375,5249292,159965.272,15356.0065
"242",2015-08-30,26.59875,4952895,158254.2145,47849.624
"243",2015-08-31,35.4454166666667,6202858,155638.6255,42110.3655
"244",2015-09-01,39.1133333333333,6241532,101708.434,38893.1065
"245",2015-09-02,37.8354166666667,6252573,104932.6545,96275.166
"246",2015-09-03,40.6208333333333,6394878,98652.4705,18447.6415
"247",2015-09-04,32.675,6200388,112486.3485,50381.2485
"248",2015-09-05,17.7458333333333,5477044,82276.4765,83278.1
"249",2015-09-06,2.86833333333333,4935815,102580.544,164677.8485
"250",2015-09-07,33.5370833333333,6167488,75279.424,110241.3475
"251",2015-09-08,35.4754166666667,6242535,114872.4845,43122.483
"252",2015-09-09,34.3716666666667,6141634,129993.0455,25622.8765
"253",2015-09-10,33.60875,6182280,138485.339,25857.1045
"254",2015-09-11,34.1779166666667,6090167,133686.468,34909.7005
"255",2015-09-12,29.375,5219260,127216.3385,49965.434
"256",2015-09-13,26.1591666666667,4891586,88317.8345,119900.7115
"257",2015-09-14,33.5520833333333,6120317,52150.558,145233.375
"258",2015-09-15,28.9066666666667,6293622,89051.669,65149.473
"259",2015-09-16,33.18625,6336500,68015.465,126166.5885
"260",2015-09-17,28.1204166666667,6386328,70216.0485,122074.0675
"261",2015-09-18,37.0591666666667,6278856,93345.8725,48644.0025
"262",2015-09-19,29.9783333333333,5350723,100434.8305,48846.2225
"263",2015-09-20,22.2779166666667,4899874,88040.408,118647.247
"264",2015-09-21,36.8141666666667,5701923,119215.7415,31526.212
"265",2015-09-22,33.7120833333333,6047684,64471.8125,82895.3485
"266",2015-09-23,42.98375,6116152,58254.6855,75298.504
"267",2015-09-24,31.9533333333333,6108784,90459.114,129395.9985
"268",2015-09-25,35.75125,6053172,92833.495,126337.8465
"269",2015-09-26,32.6833333333333,5117185.5,97896.9685,98084.4825
"270",2015-09-27,25.7725,4815142.5,134398.065,109844.5395
"271",2015-09-28,34.8275,5998561,133931.954,133557.3435
"272",2015-09-29,34.34125,6140980,134816.0735,87647.4605
"273",2015-09-30,37.1745833333333,6173560,141217.0905,42358.339
"274",2015-10-01,39.1108333333333,6198493,142380.47,24259.978
"275",2015-10-02,37.59125,6046176,139357.912,76332.393
"276",2015-10-03,28.9208333333333,4883648,114638.9275,118591.965
"277",2015-10-04,31.1708333333333,4749531,69819.6395,24188.8295
"278",2015-10-05,39.1679166666667,6045606,88564.941,22582.8725
"279",2015-10-06,37.3120833333333,6216052,48973.6865,50979.793
"280",2015-10-07,40.7995833333333,6226010,32049.517,29703.7325
"281",2015-10-08,47.3170833333333,6252458,40692.607,32818.1625
"282",2015-10-09,44.1629166666667,6132600,51051.2975,21886.39
"283",2015-10-10,32.71375,5182522,65900.5185,37109.9495
"284",2015-10-11,22.0733333333333,4863541,105793.6505,119369.233
"285",2015-10-12,35.5729166666667,6160497,122020.85,100650.7835
"286",2015-10-13,42.1641666666667,6314701,71653.881,38338.2495
"287",2015-10-14,44.7908333333333,6297658,32284.9895,64513.009
"288",2015-10-15,39.67125,6301304,17222.823,89035.413
"289",2015-10-16,47.7479166666667,6212408,18560.2085,23891.04
"290",2015-10-17,40.2941666666667,5304262,46239.5465,25235.081
"291",2015-10-18,37.7679166666667,4898518,39629.102,15174.3135
"292",2015-10-19,50.4554166666667,6151589,40630.2715,52683.9295
"293",2015-10-20,48.3466666666667,6287973,34558.083,108930.672
"294",2015-10-21,41.2966666666667,6322703,41725.793,55638.1705
"295",2015-10-22,37.1370833333333,6410436,22418.508,47838.105
"296",2015-10-23,38.2908333333333,6258341,53845.901,88015.5645
"297",2015-10-24,32.4508333333333,5572013,70370.328,38291.359
"298",2015-10-25,33.73125,4962798,47663.4805,NA
"299",2015-10-26,39.36625,6088971,72408.2245,36546.4405
"300",2015-10-27,40.5504166666667,6258104,72848.1605,99575.6805
"301",2015-10-28,42.30125,6362500,57234.796,116949.5345
"302",2015-10-29,49.6754166666667,6397649,47736.0635,34612.815
"303",2015-10-30,43.07,6339333,58873.9005,21806.037
"304",2015-10-31,35.4145833333333,5380107,71121.523,70327.4345
"305",2015-11-01,31.6804166666667,4906639,70704.9155,130583.915
"306",2015-11-02,40.1983333333333,6148407,68015.315,104872.5175
"307",2015-11-03,41.6116666666667,6413498,77041.881,65957.0545
"308",2015-11-04,42.2591666666667,6425367,57450.1735,18076.5065
"309",2015-11-05,43.8475,6408351,56276.235,24749.2565
"310",2015-11-06,36.6104166666667,6343738,36410.5135,29493.4495
"311",2015-11-07,27.7366666666667,5450802,21083.2595,40129.178
"312",2015-11-08,21.94375,5013381,46560.0715,40806.7045
"313",2015-11-09,28.4166666666667,6342706,29998.5655,115836.7475
"314",2015-11-10,29.4625,6468706,39360.655,162948.6875
"315",2015-11-11,35.02375,6540210,37462.4395,82659.036
"316",2015-11-12,36.6508333333333,6538282,41184.1675,47387.9425
"317",2015-11-13,31.5220833333333,6499015,33890.2545,73105.783
"318",2015-11-14,21.0470833333333,5681984,42702.6955,153408.392
"319",2015-11-15,23.8454166666667,5231625,22376.628,136406.991
"320",2015-11-16,30.4854166666667,6459785,46782.4455,111421.9045
"321",2015-11-17,30.6558333333333,6587540,12385.0645,68123.228
"322",2015-11-18,20.9916666666667,6605620,32355.95,142517.153
"323",2015-11-19,25.4829166666667,6664538,26428.3045,116149.1825
"324",2015-11-20,38.2025,6590254,13194.02,76576.069
"325",2015-11-21,29.6025,5791997,26298.92,97564.7125
"326",2015-11-22,25.95125,5356794,31946.3115,125836.2005
"327",2015-11-23,49.8704166666667,6561984,35170.325,29142.6845
"328",2015-11-24,35.0070833333333,6737755,37837.0225,56070.619
"329",2015-11-25,41.9633333333333,6528046,13001.4785,56457.266
"330",2015-11-26,51.1804166666667,6521558,20288.1385,94865.6395
"331",2015-11-27,36.5229166666667,6676247,27745.145,94540.6585
"332",2015-11-28,26.74125,5827722,18158.953,127159.059
"333",2015-11-29,11.2345833333333,5498832,9585.6665,135911.303
"334",2015-11-30,25.7020833333333,6658670,11890.3205,207553.71775
"335",2015-12-01,35.8454166666667,6810263,9215.512,164938.0045
"336",2015-12-02,36.5904166666667,6735909,22616.377,65938.868
"337",2015-12-03,42.3395833333333,6755658,27479.0485,28383.922
"338",2015-12-04,30.4283333333333,6666936,20947.781,73269.9565
"339",2015-12-05,23.40375,6051807,25583.284,84498.946
"340",2015-12-06,18.02625,5793360,31301.7015,70538.235
"341",2015-12-07,40.6395833333333,6618649,28196.743,21822.032
"342",2015-12-08,34.6741666666667,6560017,40490.4125,63951.9545
"343",2015-12-09,34.8208333333333,6589458,22321.5605,79796.5395
"344",2015-12-10,29.3133333333333,6736081,37267.3365,88074.087
"345",2015-12-11,26.3604166666667,6748024,26515.8975,63392.898
"346",2015-12-12,25.5929166666667,5944964,18240.991,94199.268
"347",2015-12-13,27.8695833333333,5584389,22924.08,66747.745
"348",2015-12-14,41.8041666666667,6449990,30235.561,25559.2975
"349",2015-12-15,42.7441666666667,6681100,14970.393,21156.878
"350",2015-12-16,36.6466666666667,6698467,9629.55,40397.725
"351",2015-12-17,32.5858333333333,6656924,13265.298,76206.2215
"352",2015-12-18,32.5420833333333,6483928,11815.8415,37629.948
"353",2015-12-19,26.63875,5587698,26696.6365,38662.6185
"354",2015-12-20,17.3758333333333,5234930,32151.8585,116573.911
"355",2015-12-21,23.3570833333333,6343025,13640.763,61340.9085
"356",2015-12-22,18.22625,6417447,21395.1075,80114.6025
"357",2015-12-23,20.1704166666667,6006179,24994.0155,57323.499
"358",2015-12-24,16.1908333333333,5738472,29895.8805,52642.903
"359",2015-12-25,13.65625,4859548,28527.1695,38654.926
"360",2015-12-26,6.87958333333333,4524359,36019.4285,54714.975
"361",2015-12-27,16.1795833333333,4793414,40084.489,40343.6735
"362",2015-12-28,30.4666666666667,5845866,40980.2565,25166.54
"363",2015-12-29,31.2054166666667,5933970,32306.385,32980.298
"364",2015-12-30,26.4254166666667,5588898,28117.4805,73016.558
"365",2015-12-31,22.3529166666667,4907202,18999.4225,133804.23875
"366",2016-01-01,24.88,4897947,17225.581,21395.68
"367",2016-01-02,17.5033333333333,4880159,11989.7685,79210.7635
"368",2016-01-03,14.4283333333333,4708491,14256.7929,91452.55
"369",2016-01-04,27.9433333333333,5604819,10584.168,133852.01
"370",2016-01-05,33.4554166666667,5937852,11946.2685,63622.8195
"371",2016-01-06,33.5975,5897569,15122.8345,33687.4425
"372",2016-01-07,32.8,6128422,11188.805,62706.84
"373",2016-01-08,27.55,6139402,36134.1235,99522.0925
"374",2016-01-09,28.45875,5664552,15194.3655,30786.1225
"375",2016-01-10,20.8283333333333,5320307,20678.655,41678.9405
"376",2016-01-11,33.5979166666667,6311095,12475.122,67158.8955
"377",2016-01-12,29.425,6375353,14160.2925,129636.53
"378",2016-01-13,29.2975,6402144,13329.8125,180957.3815
"379",2016-01-14,33.60625,6585390,31771.615,71868.7605
"380",2016-01-15,35.5104166666667,6591539,13865.479,114725.854
"381",2016-01-16,28.05625,5938071,20226.057,107454.6665
"382",2016-01-17,27.6954166666667,5616450,24110.6945,101071.4885
"383",2016-01-18,39.1991666666667,6577770,29976.097,59865.9595
"384",2016-01-19,47.95625,6632143,21750.823,19693.5505
"385",2016-01-20,48.8766666666667,6827983,17385.974,34278.8445
"386",2016-01-21,52.1129166666667,6870661,23697.945375,82823.4335
"387",2016-01-22,33.1420833333333,6959546,29613.092,41898.107
"388",2016-01-23,28.2645833333333,6012138,9864.448,74402.4165
"389",2016-01-24,26.1779166666667,5701752,12419.821,79465.299
"390",2016-01-25,28.3470833333333,6772196,25958.077,64680.125
"391",2016-01-26,25.1245833333333,6752266,30562.3425,55379.007
"392",2016-01-27,19.3495833333333,6836516,21672.2395,80338.2055
"393",2016-01-28,26.0770833333333,6795282,28377.5075,72064.7695
"394",2016-01-29,22.355,6884138,37475.788,87227.022
"395",2016-01-30,11.8166666666667,6133152,27226.3425,80671.4185
"396",2016-01-31,12.3795833333333,5653804,18887.8035,108538.755
"397",2016-02-01,20.74375,6633471,19949.8675,114895.44175
"398",2016-02-02,16.9733333333333,6455297,25372.2895,100898.409
"399",2016-02-03,23.0454166666667,6676993,33256.0775,111898.542
"400",2016-02-04,26.6370833333333,6767219,19009.709,144284.8155
"401",2016-02-05,27.5925,6707056,14909.1755,70914.8265
"402",2016-02-06,15.7475,5993927,60151.6205,99770.31
"403",2016-02-07,9.98166666666667,5607465,39988.344,168397.55
"404",2016-02-08,12.3929166666667,6539891,33020.538,133574.755
"405",2016-02-09,17.5279166666667,6492230,25792.059125,153172.3255
"406",2016-02-10,24.5225,6701774,31675.172,192198.6125
"407",2016-02-11,25.9275,6708895,45971.218,127728.5855
"408",2016-02-12,28.5675,6614975,64681.3545,49838.228
"409",2016-02-13,22.5545833333333,5698370,46421.4705,54837.214
"410",2016-02-14,15.5125,5317967,32077.443,80157.2185
"411",2016-02-15,24.76875,6171411,30362.3605,79106.807
"412",2016-02-16,32.2270833333333,6183234,52421.6095,99388.2925
"413",2016-02-17,26.1629166666667,6594518,44378.7775,70001.703
"414",2016-02-18,27.91,6633015,60340.994,27521.1225
"415",2016-02-19,27.2145833333333,6615254,36793.7695,110617.539
"416",2016-02-20,13.8179166666667,5961750,22673.2615,109935.047
"417",2016-02-21,8.32791666666667,5572808,16674.7585,154521.479
"418",2016-02-22,20.1370833333333,6461995,41461.979,103339.032
"419",2016-02-23,24.52875,6421251,36626.6065,89184.271
"420",2016-02-24,24.20125,6593135,75560.3905,83907.36
"421",2016-02-25,27.7808333333333,6567965,62091.6475,62617.633
"422",2016-02-26,28.05375,6543162,89368.977,39275.634
"423",2016-02-27,22.7075,5840286,100860.846,111524.248
"424",2016-02-28,18.3041666666667,5402394,77442.274,113684.022
"425",2016-02-29,24.085,6444430,44969.7585,91020.9685
"426",2016-03-01,24.50125,6631321,58214.0895,169175
"427",2016-03-02,24.4425,6639057,47641.9725,66603.695
"428",2016-03-03,28.2791666666667,6672452,48396.806,57995.0715
"429",2016-03-04,24.75875,6541687,71030.478,114585.2135
"430",2016-03-05,23.1904166666667,5585708,41944.5795,146225.994
"431",2016-03-06,21.39,5178472,50168.319,NA
"432",2016-03-07,29.4375,6386861,66537.6465,NA
"433",2016-03-08,28.4225,6569830,72776.852,64692.644
"434",2016-03-09,25.5791666666667,6568459,107662.624,40408.6345
"435",2016-03-10,26.25125,6589316,85547.088,86442.8305
"436",2016-03-11,28.2133333333333,6498898,62048.7715,127250.0575
"437",2016-03-12,27.7104166666667,5633129,65915.838,115697.9645
"438",2016-03-13,22.755,5276658,65615.7925,111102.615
"439",2016-03-14,27.4008333333333,6465064,107101.114,95459.391
"440",2016-03-15,27.1504166666667,6612481,39865.2525,81821.421
"441",2016-03-16,25.4870833333333,6550872,96506.099,46557.0045
"442",2016-03-17,27.5166666666667,6571544,132929.2525,19243.844
"443",2016-03-18,25.3670833333333,6440902,112481.6685,71306.6765
"444",2016-03-19,24.3141666666667,5573252,71485.7105,52433.423
"445",2016-03-20,18.0116666666667,5155312,71953.693,50678.078
"446",2016-03-21,25.2783333333333,6327789,60111.084,63334.401
"447",2016-03-22,28.465,6432762,66771.35,63087.187
"448",2016-03-23,26.4745833333333,6267095,64230.5535,49955.774
"449",2016-03-24,27.8604166666667,6255593,81392.886,109568.2085
"450",2016-03-25,25.6258333333333,5231088,36804.6505,40896.5045
"451",2016-03-26,19.2266666666667,5114145,92361.041,73968.0265
"452",2016-03-27,10.5541666666667,4765298,82244.8735,60916.8525
"453",2016-03-28,1.50083333333333,4885476,94297.6525,81138.0765
"454",2016-03-29,23.1604166666667,6098076,98036.3975,74551.874
"455",2016-03-30,27.14,6023932,67044.236,46920.82
"456",2016-03-31,27.8054166666667,6047744,86660.4605,42396.0895
"457",2016-04-01,27.6295833333333,5949871,103292.2755,70608.0285
"458",2016-04-02,21.2704166666667,5057375,157099.82,75697.207
"459",2016-04-03,17.8116666666667,4810103,121841.2205,99492.252
"460",2016-04-04,27.2058333333333,6051909,106937.601,34964.9475
"461",2016-04-05,26.7479166666667,6124327,96261.017,22101.0925
"462",2016-04-06,22.3375,6079279,91308.562,97727.419
"463",2016-04-07,23.3483333333333,6096121,89700.275,40787.6
"464",2016-04-08,28.6616666666667,6019500,89485.549,118998.022
"465",2016-04-09,23.65875,5164854,102900.7535,127526.5725
"466",2016-04-10,18.8441666666667,4847082,95773.4705,109353.113
"467",2016-04-11,24.2170833333333,5751140,152663.2965,49315.5525
"468",2016-04-12,28.33875,6019743,119195.58,12026.474
"469",2016-04-13,28.5658333333333,6033181,97855.9555,18547.387
"470",2016-04-14,26.6608333333333,6039277,115208.3925,115262.4895
"471",2016-04-15,25.1370833333333,5946453,73578.731,34782.475
"472",2016-04-16,18.7308333333333,5082656,87990.676,65446.6455
"473",2016-04-17,18.7104166666667,4706678,85457.326,92199.7915
"474",2016-04-18,23.7729166666667,5925564,118076.354,66303.4585
"475",2016-04-19,20.5395833333333,5883167,130758.373,114866.36
"476",2016-04-20,24.11875,5912659,172824.092,75124.1695
"477",2016-04-21,26.5716666666667,6107599,181712.093,26001.73
"478",2016-04-22,26.0591666666667,6015656,146959.9655,29906.171
"479",2016-04-23,21.895,5185335,83980.681,26059.8975
"480",2016-04-24,15.9966666666667,4834242,136000.3895,150220.963
"481",2016-04-25,26.4325,6017621,123328.464,103096.302
"482",2016-04-26,27.1079166666667,5973350,104472.2725,66454.351
"483",2016-04-27,26.1341666666667,6159455,106584.334,84966.5085
"484",2016-04-28,30.1025,6168896,141496.63,26316.7765
"485",2016-04-29,25.5291666666667,6055736,148071.214,26211.6265
"486",2016-04-30,24.1670833333333,5128581,134547.277,44596.96625
"487",2016-05-01,18.7054166666667,4710597,104282.2285,44239.338
"488",2016-05-02,28.0179166666667,5934878,152886.606,64153.282
"489",2016-05-03,28.2195833333333,6043593,114037.246,117202.49
"490",2016-05-04,27.38625,5863559,162166.4695,153769.762
"491",2016-05-05,19.2108333333333,4795450,179590.63,85005.8855
"492",2016-05-06,22.4029166666667,5482512,195857.941,31226.4605
"493",2016-05-07,14.2525,5090629,197554.232,37399.537
"494",2016-05-08,-12.7754166666667,4775217,195276.3275,45214.509
"495",2016-05-09,22.2583333333333,5591361,185148.055,56414.494
"496",2016-05-10,27.0054166666667,5817793,137554.117,71607.1795
"497",2016-05-11,24.83875,5944249,163471.107,59542.9705
"498",2016-05-12,25.6033333333333,6002986,111773.88,101464.536
"499",2016-05-13,26.6283333333333,5880324,116100.957,62847.1105
"500",2016-05-14,13.105,4974812,135541.152,104104.1715
"501",2016-05-15,7.4725,4477091,137279.551,115908.17
"502",2016-05-16,21.59125,4595786,119689.6995,77777.4605
"503",2016-05-17,30.1029166666667,5809393,125161.1795,68756.9495
"504",2016-05-18,30.5691666666667,5935414,151100.1755,28025.899
"505",2016-05-19,33.3708333333333,6053451,102586.355,25740.137
"506",2016-05-20,27.64875,5995780,130034.6345,64534.7355
"507",2016-05-21,20.9983333333333,5115195,167777.324,26190.229
"508",2016-05-22,6.29041666666667,4744179,176654.95,97543.1255
"509",2016-05-23,29.2416666666667,5898852,78031.9655,98733.8475
"510",2016-05-24,29.485,5997111,58538.187,128399.2035
"511",2016-05-25,30.7045833333333,6050412,131044.6595,76118.7415
"512",2016-05-26,27.4620833333333,5136322,158112.625,24129.1175
"513",2016-05-27,28.8979166666667,5639379,126351.6955,20216.327
"514",2016-05-28,22.79375,4979488,137408.7105,46821.696
"515",2016-05-29,13.5058333333333,4716782,108051.7905,NA
"516",2016-05-30,25.1666666666667,5964013,102922.350833333,NA
"517",2016-05-31,28.9158333333333,6088426,122416.959166667,31018.275
"518",2016-06-01,30.32625,6077276,96526.794,28228.769
"519",2016-06-02,28.9033333333333,5909735,110232.4555,16512.9915
"520",2016-06-03,29.1283333333333,6055387,129914.3755,17688.1995
"521",2016-06-04,25.1283333333333,5092405,138000.6555,14002.4665
"522",2016-06-05,20.35625,4731569,141635.72,25660.7325
"523",2016-06-06,30.55125,5959768,180183.8015,50250.2315
"524",2016-06-07,29.1875,6079797,183494.9175,26498.5805
"525",2016-06-08,28.90375,5897274,153629.203,15190.7435
"526",2016-06-09,30.66,5848920,134818.8375,27943.3425
"527",2016-06-10,26.4041666666667,5992750,181754.822,43181.539
"528",2016-06-11,26.0029166666667,5018630,108022.9945,14830.5795
"529",2016-06-12,22.395,4666567,94686.666,22220.555
"530",2016-06-13,29.5816666666667,5923494,93341.004,49872.8335
"531",2016-06-14,30.3091666666667,6106524,113457.89,37699.783
"532",2016-06-15,30.6058333333333,6132579,124929.683,48677.294
"533",2016-06-16,30.4795833333333,6097207,139267.308,105818.461
"534",2016-06-17,27.8683333333333,6008091,111605.2205,86532.5485
"535",2016-06-18,21.5766666666667,5111180,147663.8585,17846.2005
"536",2016-06-19,17.8454166666667,4749803,119716.4275,51110.4175
"537",2016-06-20,27.0016666666667,5973800,143183.8305,97275.9625
"538",2016-06-21,33.3120833333333,6104299,83019.196,12512.9095
"539",2016-06-22,32.47625,6084987,147815.413,9642.822
"540",2016-06-23,29.28125,6105898,195324.922,18262.8715
"541",2016-06-24,30.93625,6035684,180312.2195,33652.554
"542",2016-06-25,26.775,5150163,107258.699,53955.6085
"543",2016-06-26,16.9608333333333,4725101,129038.2295,42409.786
"544",2016-06-27,28.0266666666667,5998636,136295.856,114131.903
"545",2016-06-28,32.8670833333333,6076367,142003.936,51270.3275
"546",2016-06-29,27.42375,6108702,153876.6345,24019.435
"547",2016-06-30,29.8645833333333,6138090,110344.833,52137.94875
"548",2016-07-01,26.6233333333333,6004684,141595.581,29834.57475
"549",2016-07-02,20.4316666666667,5174198,105570.5125,47679.6235
"550",2016-07-03,15.1208333333333,4749967,150918.3505,81264.1235
"551",2016-07-04,31.1795833333333,5945834,148151.34,21298.6625
"552",2016-07-05,25.33375,6084431,142214.706,42554.0095
"553",2016-07-06,17.7608333333333,6109001,158996.107,110678.042
"554",2016-07-07,29.6025,6132473,182683.665,23426.933
"555",2016-07-08,28.0008333333333,6016967,154364.9975,27060.498
"556",2016-07-09,20.5733333333333,5123153,161889.316,82065.4505
"557",2016-07-10,15.26875,4758177,185275.4705,31548.785
"558",2016-07-11,25.5570833333333,5998747,148984.2425,71323.6055
"559",2016-07-12,30.1170833333333,6112172,111468.9595,87386.813
"560",2016-07-13,32.22625,6175454,111334.3575,67517.835
"561",2016-07-14,24.8695833333333,6169416,118010.44,164513.2575
"562",2016-07-15,26.5216666666667,6005300,125612.0765,139757.999
"563",2016-07-16,24.6033333333333,5132917,138075.192,147403.422
"564",2016-07-17,21.6791666666667,4802373,119354.2115,123245.744
"565",2016-07-18,30.0204166666667,6030484,165941.258,76461.392
"566",2016-07-19,32.41875,6128532,184171.522,32398.317
"567",2016-07-20,29.3845833333333,6058168,198688.1445,18208.0725
"568",2016-07-21,32.9275,6101447,120757.7,7447.011
"569",2016-07-22,31.9995833333333,6005809,149076.403,12087.5435
"570",2016-07-23,29.3766666666667,5089343,127176.7125,10343.1225
"571",2016-07-24,27.0458333333333,4701676,146309.3165,8031.6965
"572",2016-07-25,33.1479166666667,5916196,133484.0115,21336.7265
"573",2016-07-26,32.9470833333333,6024157,129461.0755,45190.604
"574",2016-07-27,33.4158333333333,6087289,121899.7935,28833.466
"575",2016-07-28,31.6966666666667,6061657,126592.9965,37857.862
"576",2016-07-29,30.1525,5925376,129904.364,42939.2405
"577",2016-07-30,27.52875,5014594,144457.1355,16384.8455
"578",2016-07-31,25.0829166666667,4658204,101756.089,41534.968
"579",2016-08-01,29.925,5888986,153204.146,91245.19
"580",2016-08-02,32.4354166666667,5981224,88211.223,23155.144
"581",2016-08-03,29.0766666666667,5917670,88560.6035,36899.7125
"582",2016-08-04,28.2641666666667,5949058,132251.015,51275.714
"583",2016-08-05,31.6020833333333,5858121,94810.219,119396.119
"584",2016-08-06,24.0841666666667,4977329,136185.2765,113940.2755
"585",2016-08-07,15.0854166666667,4575881,173348.6045,60010.7435
"586",2016-08-08,21.6816666666667,5724367,151461.2755,24689.19
"587",2016-08-09,28.75125,5812993,92763.1165,51872.4215
"588",2016-08-10,28.1779166666667,5896571,123040.986,73902.3385
"589",2016-08-11,28.8341666666667,5918614,136818.6895,71822.4825
"590",2016-08-12,27.8004166666667,5789335,48860.7165,59353.8585
"591",2016-08-13,18.9329166666667,4936062,151774.4475,31957.777
"592",2016-08-14,21.895,4562233,148935.1125,16345.588
"593",2016-08-15,28.0716666666667,5513999,153583.926,22162.5375
"594",2016-08-16,29.6116666666667,5825988,156057.93,13861.4135
"595",2016-08-17,29.7870833333333,5827999,160143.6655,20082.8875
"596",2016-08-18,30.7995833333333,5816935,148160.374,21749.305
"597",2016-08-19,30.6170833333333,5738630,148896.243,19124.053
"598",2016-08-20,24.1220833333333,4989862,108034.93,31609.8245
"599",2016-08-21,15.3466666666667,4640865,114443.545,84748.098
"600",2016-08-22,28.59875,5759429,108825.471,139220.8145
"601",2016-08-23,31.5479166666667,5906165,150701.3355,77596.1195
"602",2016-08-24,29.5116666666667,6002462,170113.085,37602.3265
"603",2016-08-25,28.7470833333333,5976368,174760.5055,24409.679
"604",2016-08-26,29.7508333333333,5863336,171812.5235,44131.8865
"605",2016-08-27,25.9841666666667,5073537,165042.8205,49713.97
"606",2016-08-28,21.7491666666667,4686093,153297.016,64927.779
"607",2016-08-29,29.1045833333333,5898088,105893.4865,46155.97
"608",2016-08-30,32.13625,5998185,150484.9775,46274.1985
"609",2016-08-31,30.6008333333333,6090022,164148.469,24296.3295
"610",2016-09-01,31.3166666666667,6122827,116711.9525,17650.41275
"611",2016-09-02,30.95875,6055831,137762.2595,20887.749
"612",2016-09-03,29.205,5198471,119401.1485,14137.9065
"613",2016-09-04,24.1383333333333,4856669,76467.7945,49308.672
"614",2016-09-05,37.1191666666667,6063347,80114.763,128316.2425
"615",2016-09-06,32.8716666666667,6042777,135382.564,112055.5555
"616",2016-09-07,30.8158333333333,6024460,155610.3265,26366.2035
"617",2016-09-08,30.9391666666667,6024999,156977.1845,22724.4075
"618",2016-09-09,32.7925,5929253,139727.9945,5881.9755
"619",2016-09-10,27.8483333333333,5081836,144880.94,4903.7375
"620",2016-09-11,27.27875,4764245,120810.3205,4878.118
"621",2016-09-12,33.2908333333333,5930256,147857.4665,7618.568
"622",2016-09-13,31.67125,6049252,149852.0085,NA
"623",2016-09-14,29.0725,6151593,146759.159,NA
"624",2016-09-15,27.9116666666667,6170819,139134.685,65339.1945
"625",2016-09-16,32.9758333333333,6079537,90553.203,42906.438
"626",2016-09-17,27.0816666666667,5177166,47161.445,73150.763
"627",2016-09-18,24.94875,4810568,68267.65,28251.665
"628",2016-09-19,34.8254166666667,5978161,62346.6735,119194.265
"629",2016-09-20,34.5645833333333,5962797,78090.0145,106863.0715
"630",2016-09-21,35.04875,6118032,110684.885,30355.969
"631",2016-09-22,32.5908333333333,6190679,128549.8635,20204.4775
"632",2016-09-23,31.1029166666667,6013184,100186.969,12168.195
"633",2016-09-24,29.175,5202626,129560.0045,11115.3955
"634",2016-09-25,23.14875,4820888,136453.515,15334.2085
"635",2016-09-26,37.05375,6017246,95032.3,10528.397
"636",2016-09-27,34.1945833333333,6103788,105578.087,9848.0815
"637",2016-09-28,24.2170833333333,6157897,95951.733,51171.678
"638",2016-09-29,22.9,6181794,105552.747,66225.63975
"639",2016-09-30,34.2645833333333,6070897,86632.167,24551.953
"640",2016-10-01,33.1125,5105940,63641.5615,35359.709
"641",2016-10-02,29.9054166666667,4603494,63144.982,48765.6465
"642",2016-10-03,30.3408333333333,4845124,65378.034,137722.676
"643",2016-10-04,30.22375,5944755,68182.4345,228829.6555
"644",2016-10-05,28.92625,6204822,97455.843,191770.113
"645",2016-10-06,32.2308333333333,6240285,29402.776,127171.976
"646",2016-10-07,38.5558333333333,6148116,43722.433,31161.583
"647",2016-10-08,35.9708333333333,5339263,57374.8545,27239.3415
"648",2016-10-09,33.4675,4973866,64604.2335,22906.7305
"649",2016-10-10,50.2341666666667,6128174,74059.3375,26293.518
"650",2016-10-11,38.04375,6358700,52420.1315,52102.0795
"651",2016-10-12,36.8779166666667,6431007,44473.0295,111196.1185
"652",2016-10-13,33.4270833333333,6520944,65775.6735,70540.9285
"653",2016-10-14,29.1966666666667,6405651,75717.69,191659.909
"654",2016-10-15,32.54125,5432017,43169.8055,91131.60975
"655",2016-10-16,33.5325,5059239,78028.2855,43209.88475
"656",2016-10-17,42.0341666666667,6285663,46099.227,76364.42825
"657",2016-10-18,39.8991666666667,6407747,43030.725,66107.96
"658",2016-10-19,40.4566666666667,6481714,40334.2675,38225.10775
"659",2016-10-20,40.6908333333333,6550168,38840.9685,15756.50325
"660",2016-10-21,39.9295833333333,6450208,31944.344,16643.293
"661",2016-10-22,37.4541666666667,5572983,44986.723,43809.908
"662",2016-10-23,34.5741666666667,5105737,62824.3785,81305.593
"663",2016-10-24,42.2308333333333,6381120,41313.5555,57634.0845
"664",2016-10-25,52.88,6464501,27546.2715,41558.4325
"665",2016-10-26,44.9529166666667,6366473,36209.9655,63609.2855
"666",2016-10-27,39.2133333333333,6473182,43786.505,40376.66775
"667",2016-10-28,36.16625,6377672,42996.362,54078.8135
"668",2016-10-29,34.5433333333333,5426558,41219.551,135519.23525
"669",2016-10-30,36.8033333333333,5045687,52833.378,NA
"670",2016-10-31,42.97875,6162731.5,53131.7565,38848.9775
"671",2016-11-01,34.4883333333333,6511141.5,62742.445,40911.54125
"672",2016-11-02,33.3629166666667,6286971,39962.095,140201.88325
"673",2016-11-03,45.48875,6552035,51641.6255,91425.1915
"674",2016-11-04,40.5479166666667,6585212,45881.009,103723.83375
"675",2016-11-05,38.6616666666667,5647027,21840.9575,120492.77125
"676",2016-11-06,34.5608333333333,5221979,24405.779,82297.1135
"677",2016-11-07,39.1270833333333,6387733,30681.366,66173.61775
"678",2016-11-08,54.1704166666667,6588396,37118.6875,26290.70375
"679",2016-11-09,48.21375,6771592,39322.6785,46878.4845
"680",2016-11-10,51.92625,6827350,17858.3785,48686.1065
"681",2016-11-11,47.7870833333333,6724283,22493.3095,33309.8715
"682",2016-11-12,39.5229166666667,5931112,34774.0955,195154.89675
"683",2016-11-13,37.0191666666667,5445229,42332.628,132620.60525
"684",2016-11-14,39.7520833333333,6617293,63571.4385,35750.72775
"685",2016-11-15,40.36625,6854454,12267.1075,51134.67175
"686",2016-11-16,42.6766666666667,6985711,9568.655,52229.21325
"687",2016-11-17,32.8366666666667,7008516,18170.282,70082.25575
"688",2016-11-18,24.745,6847764,27404.907,160876.50025
"689",2016-11-19,31.55375,5915937,19267.215,103669.811
"690",2016-11-20,-0.32,5464727,37844.7855,150475.6275
"691",2016-11-21,34.2658333333333,6698533,32533.6625,206020.1045
"692",2016-11-22,38.7775,6874791,38277.938,189545.01925
"693",2016-11-23,45.3054166666667,6838700,36633.8685,123667.0875
"694",2016-11-24,39.8329166666667,6828273,31042.2225,72470.5125
"695",2016-11-25,42.6133333333333,6762272,23096.768,26353.13375
"696",2016-11-26,38.2395833333333,5939705,16521.0795,NA
"697",2016-11-27,31.29375,5552392,19820.313,NA
"698",2016-11-28,41.1883333333333,6738800,53310.169,NA
"699",2016-11-29,42.4270833333333,6907826,57029.0995,97089.36375
"700",2016-11-30,35.9733333333333,6991959,36363.2235,96755.117
"701",2016-12-01,26.8108333333333,7135574,17445.82,257891.68275
"702",2016-12-02,39.675,6978475,21313.6215,209705.423
"703",2016-12-03,41.0975,6089745,43150.3205,45813.974
"704",2016-12-04,38.2625,5518799,44828.9645,24164.98125
"705",2016-12-05,48.94625,6775497,43461.8295,45804.00375
"706",2016-12-06,58.1275,7019130,34530.64,52158.34775
"707",2016-12-07,37.4870833333333,7100542,22758.546,51415.5115
"708",2016-12-08,30.6329166666667,6904000,33462.825,44516.0105
"709",2016-12-09,35.7791666666667,6885426,22337.4195,99054.11725
"710",2016-12-10,32.3891666666667,5888981,34305.9825,61168.6155
"711",2016-12-11,28.7004166666667,5474155,11621.262,159394.951
"712",2016-12-12,47.94875,6748685,13947.9075,190479.97325
"713",2016-12-13,49.08125,6951924,17381.908,37907.1725
"714",2016-12-14,60.14,6860308,16305.1035,24437.2195
"715",2016-12-15,49.8125,6883819,22415.2585,44989.30825
"716",2016-12-16,53.3866666666667,6740649,37463.195,53871.0565
"717",2016-12-17,46.5283333333333,5871661,26081.101,36401.517
"718",2016-12-18,43.8645833333333,5365333,10616.2835,43226.257
"719",2016-12-19,57.3066666666667,6529570,18284.019,47660.46125
"720",2016-12-20,48.59125,6655820,31587.452,112789.46625
"721",2016-12-21,40.15625,6561661,32007.286,119225.3985
"722",2016-12-22,45.0120833333333,6606611,19965.6835,30211.37725
"723",2016-12-23,37.3929166666667,6400309,15040.3725,36726.84225
"724",2016-12-24,7.26708333333333,5204362,13159.9285,91741.265
"725",2016-12-25,-1.94041666666667,4687448,6689.6845,201539.139
"726",2016-12-26,-12.79125,4796976,11930.2285,174416.86075
"727",2016-12-27,5.93041666666667,5930522,20337.555,258163.5165
"728",2016-12-28,42.15625,6025159,16380.4465,170784.647
"729",2016-12-29,46.1766666666667,5812679,35466.158,89970.8495
"730",2016-12-30,41.9966666666667,5516504,41309.079,26213.48625
"731",2016-12-31,35.6466666666667,4877595,35435.209,22345.27875
"732",2017-01-01,29.7779166666667,4878786,33369.4215,33123.64025
"733",2017-01-02,46.4741666666667,6167303,15382.758,74844.75375
"734",2017-01-03,37.4870833333333,6337356,16722.3345,172889.871
"735",2017-01-04,28.2033333333333,6486580,10268.356,245017.162
"736",2017-01-05,50.1595833333333,6726694,20272.0215,205989.933
"737",2017-01-06,49.3870833333333,6190917,28316.318,199004.601
"738",2017-01-07,38.3995833333333,5688477,11254.83,102823.08
"739",2017-01-08,42.8970833333333,5568431,7068.466,63934.08825
"740",2017-01-09,55.6045833333333,6664556,9123.238,103177.60875
"741",2017-01-10,54.8783333333333,6813746,9886.8895,83252.57025
"742",2017-01-11,34.7979166666667,6990403,8620.535,118668.8615
"743",2017-01-12,35.1379166666667,6979872,12177.8085,144758.78675
"744",2017-01-13,39.5725,7070486,13017.0445,176854.4795
"745",2017-01-14,33.2854166666667,6186557,12439.657,140381.61575
"746",2017-01-15,36.2970833333333,5676406,17125.572,87738.4935
"747",2017-01-16,80.30875,6893772,19103.6505,51570.46025
"748",2017-01-17,85.05875,7166651,18135.9635,142253.30675
"749",2017-01-18,69.74625,7147000,19061.316,79059.0015
"750",2017-01-19,67.13125,7178704,23064.3105,25164.81225
"751",2017-01-20,62.9175,7069787,26436.185,16369.10025
"752",2017-01-21,47.95625,6254146,29026.088,32622.44725
"753",2017-01-22,41.37625,5714848,34431.6055,101264.10825
"754",2017-01-23,76.3825,7059037,26210.9335,70933.14875
"755",2017-01-24,101.825,7171570,18660.226,51301.90125
"756",2017-01-25,85.5558333333333,7227066,25224.597,39122.62375
"757",2017-01-26,48.6,7258742,32511.613,60903.31025
"758",2017-01-27,43.9808333333333,7190917,40532.1755,131833.13725
"759",2017-01-28,42.2404166666667,6337589,42096.4325,74572.6025
"760",2017-01-29,37.66875,5878276,32793.5235,24526.09475
"761",2017-01-30,51.7754166666667,7120112,15584.099,70428.62375
"762",2017-01-31,69.67625,7175054,12908.7815,68282.02225
"763",2017-02-01,50.72125,7270333,28719.3045,15296.02675
"764",2017-02-02,45.2329166666667,7253012,37348.373,19830.54825
"765",2017-02-03,48.0516666666667,7156994,23825.6995,19861.999
"766",2017-02-04,45.2479166666667,6195447,44872.0355,37192.19675
"767",2017-02-05,43.8254166666667,5726107,40292.4935,51455.0465
"768",2017-02-06,61.7320833333333,6925574,22726.781,81601.4405
"769",2017-02-07,53.1041666666667,7121741,27264.4185,172905.20675
"770",2017-02-08,60.2283333333333,7130160,37154.243,79180.885
"771",2017-02-09,57.4458333333333,7202540,46972.173,26847.35975
"772",2017-02-10,44.95625,7060664,41866.6035,98960.091
"773",2017-02-11,38.2329166666667,6189185,47358.918,117611.78425
"774",2017-02-12,33.0175,5629620,49407.6915,75736.31825
"775",2017-02-13,42.4804166666667,6863769,71874.853,31742.345
"776",2017-02-14,43.19125,7061765,88628.2985,24133.9555
"777",2017-02-15,47.14875,7057801,88508.4325,9453.366
"778",2017-02-16,40.59375,7062601,66408.281,17914.75
"779",2017-02-17,43.1291666666667,6954769,25520.1815,51159.071
"780",2017-02-18,40.0133333333333,6084674,39066.1995,63091.70925
"781",2017-02-19,28.4141666666667,5686280,53817.5195,31532.73075
"782",2017-02-20,30.4391666666667,6949637,27234.273,96387.1375
"783",2017-02-21,33.11,7048200,23948.207,164556.6155
"784",2017-02-22,22.9125,7122404,25164.068,149351.72775
"785",2017-02-23,26.1616666666667,7056706,54306.1305,147948.33925
"786",2017-02-24,29.6775,6970003,66005.5085,179021.22925
"787",2017-02-25,28.8320833333333,6085268,80325.342,74769.9135
"788",2017-02-26,14.1616666666667,5637679,40171.886,97405.385
"789",2017-02-27,28.3616666666667,6858297,65189.989,128225.38225
"790",2017-02-28,30.6441666666667,6981342,52088.093,178856.169
"791",2017-03-01,35.5766666666667,6956634,56879.068,149872.54025
"792",2017-03-02,27.2354166666667,6893796,72668.9915,141674.248
"793",2017-03-03,38.4570833333333,6739807,74387.8385,142905.80625
"794",2017-03-04,33.4079166666667,6000258,92865.6675,227230.71175
"795",2017-03-05,18.2641666666667,5460362,71465.9135,113081.0115
"796",2017-03-06,38.8304166666667,6560778,56370.44,74906.76625
"797",2017-03-07,44.62625,6772922,39034.758,82670.742
"798",2017-03-08,36.27625,6716415,49722.326,101781.61025
"799",2017-03-09,37.8129166666667,6656601,40483.5035,55796.4635
"800",2017-03-10,34.0666666666667,6649114,80121.3025,219411.27325
"801",2017-03-11,32.7320833333333,5826383,108478.5995,116635.254
"802",2017-03-12,18.7283333333333,5346775,122795.142,73979.26125
"803",2017-03-13,36.4179166666667,6550772,122865.8905,49900.003
"804",2017-03-14,34.25,6707273,95119.673,71820.755
"805",2017-03-15,33.9966666666667,6673735,77864.224,97038.8075
"806",2017-03-16,34.0675,6692710,127429.7495,64577.175
"807",2017-03-17,28.0725,6620289,84666.894,88039.09325
"808",2017-03-18,19.8754166666667,5803907,26662.9665,174392.8915
"809",2017-03-19,13.31625,5327331,29972.038,86594.1855
"810",2017-03-20,29.4,6601903,56302.1905,98493.64475
"811",2017-03-21,30.9558333333333,6674805,66452.682,46582.03375
"812",2017-03-22,35.4566666666667,6653596,79122.1265,45323.81425
"813",2017-03-23,34.1479166666667,6578574,93211.2955,44598.53225
"814",2017-03-24,34.4358333333333,6462042,125098.0355,96359.89525
"815",2017-03-25,28.19125,5718634,146261.7875,36510.107
"816",2017-03-26,27.955,5171561,134123.7005,77809.483
"817",2017-03-27,34.97125,6353191,159566.8045,13065.998
"818",2017-03-28,34.3983333333333,6490600,154454.198,16611.75925
"819",2017-03-29,31.3070833333333,6463121,110938.9605,92786.71225
"820",2017-03-30,33.4091666666667,6399583,108991.169,51876.883
"821",2017-03-31,31.7875,6315222,156476.4195,105752.62325
"822",2017-04-01,30.6004166666667,5400011,135229.7935,157947.86825
"823",2017-04-02,29.7970833333333,5021473,119350.2,57869.5565
"824",2017-04-03,37.5120833333333,6248677,102213.901,42857.274
"825",2017-04-04,38.5616666666667,6318447,118629.554,78901.7695
"826",2017-04-05,31.1341666666667,6335936,102445.7075,142298.6
"827",2017-04-06,31.0591666666667,6298799,101475.481,218002.568
"828",2017-04-07,34.5383333333333,6323830,73949.717,186235.2745
"829",2017-04-08,34.4783333333333,5334810,112381.4045,83493.4435
"830",2017-04-09,27.56125,4929629,168334.7965,14131.13425
"831",2017-04-10,27.345,6187382,140753.8085,58065.56575
"832",2017-04-11,33.5970833333333,6310427,113389.418,155494.6825
"833",2017-04-12,27.0016666666667,6418855,109079.278,62220.52725
"834",2017-04-13,30.2458333333333,6217757,93674.203,121179.3165
"835",2017-04-14,30.5833333333333,5128054,110951.776,57815.90375
"836",2017-04-15,12.3995833333333,5033550,77559.263,85213.82875
"837",2017-04-16,20.275,4765520,86225.9845,131028.4845
"838",2017-04-17,25.5216666666667,4957113,96157.761,75980.2665
"839",2017-04-18,34.4058333333333,6225981,117175.672,130834.4965
"840",2017-04-19,37.2195833333333,6391065,118727.9215,246439.021
"841",2017-04-20,36.7416666666667,6307061,141425.58,217771.1585
"842",2017-04-21,25.7945833333333,6175714,122844.539,127240.14975
"843",2017-04-22,12.6475,5422325,89492.272,151035.07525
"844",2017-04-23,12.78125,4953216,125780.7795,152967.9735
"845",2017-04-24,31.4566666666667,6199167,155905.1205,78772.0195
"846",2017-04-25,36.04875,6357137,96300.0485,113113.92325
"847",2017-04-26,39.9970833333333,6362520,96066.021,116804.30425
"848",2017-04-27,36.7416666666667,6331457,101759.402,56146.56025
"849",2017-04-28,36.8470833333333,6220474,96138.7205,60054.625
"850",2017-04-29,29.9525,5420098,139511.69,58240.066
"851",2017-04-30,-11.2104166666667,4928070,186222.786,47357.2625
"852",2017-05-01,-21.0454166666667,4879082,107952.812,105031.358
"853",2017-05-02,30.1420833333333,6138478,97504.9805,47637.05425
"854",2017-05-03,34.3745833333333,6314340,106860.885,23660.103
"855",2017-05-04,32.9770833333333,6393125,89270.5465,29144.21125
"856",2017-05-05,38.5341666666667,6227575,84898.8535,46861.946
"857",2017-05-06,32.1733333333333,5322922,132067.237,48281.14425
"858",2017-05-07,27.9845833333333,4943237,87423.272,81744.24075
"859",2017-05-08,33.8370833333333,6217029,75772.125,107280.213
"860",2017-05-09,39.825,6292467,126135.7905,87278.80425
"861",2017-05-10,38.7695833333333,6243453,167801.647,58129.02025
"862",2017-05-11,33.5804166666667,6235117,151577.1615,93076.7855
"863",2017-05-12,35.885,6168094,117688.084,43970.15725
"864",2017-05-13,31.7616666666667,5305582,138174.445,60182.75
"865",2017-05-14,28.1770833333333,4879583,139456.4615,30270.51225
"866",2017-05-15,36.4233333333333,6152940,151211.3115,54006.116
"867",2017-05-16,34.2233333333333,6253281,148785.869,62533.891
"868",2017-05-17,32.2266666666667,6242420,183112.3235,28522.75225
"869",2017-05-18,33.08125,6314848,155501.8505,108864.23675
"870",2017-05-19,34.0375,6214891,120998.9085,144162.4775
"871",2017-05-20,26.195,5290545,136019.1675,194614.3115
"872",2017-05-21,19.4445833333333,4872731,161120.2125,143413.89325
"873",2017-05-22,36.3254166666667,6094790,169750.799,50809.06425
"874",2017-05-23,32.9395833333333,6205142,171639.8005,27793.68075
"875",2017-05-24,32.7933333333333,6094117,136940.2315,139280.53225
"876",2017-05-25,27.4004166666667,4895292,153855.37,113788.60725
"877",2017-05-26,33.0804166666667,5717031,187937.4355,55140.03975
"878",2017-05-27,25.7620833333333,5199412,207511.879,40411.39175
"879",2017-05-28,21.2183333333333,4849894,193196.876,39368.85425
"880",2017-05-29,37.3670833333333,6097946,184536.936,51233.1375
"881",2017-05-30,36.3641666666667,6295337,164880.2315,29811.1225
"882",2017-05-31,33.0545833333333,6305136,159334.41,52680.91525
"883",2017-06-01,36.2766666666667,6345258,179560.927,21691.7965
"884",2017-06-02,36.4929166666667,6127603,174935.6285,9455.127
"885",2017-06-03,30.33875,5168399,156965.4775,20711.7215
"886",2017-06-04,22.6279166666667,4724460,111605.8285,107009.753
"887",2017-06-05,27.5345833333333,4796993,139148.294,29845.9115
"888",2017-06-06,20.5283333333333,6171702,116130.584,147479.139
"889",2017-06-07,13.51375,6277485,144112.4775,120579.8415
"890",2017-06-08,30.11375,6263349,162382.044,39580.1965
"891",2017-06-09,33.815,6254049,139270.4515,64327.243
"892",2017-06-10,30.5154166666667,5317183,177178.347,74594.5605
"893",2017-06-11,20.5579166666667,4810802,193870.4295,32455.101
"894",2017-06-12,25.0820833333333,6170491,156091.5,76853.634
"895",2017-06-13,33.0158333333333,6223794,171558.71,84257.877
"896",2017-06-14,37.5283333333333,6074563,189163.4165,38220.8015
"897",2017-06-15,31.71,5101992,184448.7085,13798.4545
"898",2017-06-16,19.46,5838516,154404.5075,104891.7605
"899",2017-06-17,25.7779166666667,5226979,147571.814,180197.2645
"900",2017-06-18,28.6683333333333,4934310,179500.5605,101209.459
"901",2017-06-19,38.0933333333333,6150955,201943.8075,15863.3455
"902",2017-06-20,35.5358333333333,6240395,193777.1765,29691.3995
"903",2017-06-21,39.7966666666667,6190586,188515.774,28519.2575
"904",2017-06-22,34.6741666666667,6220190,176396.97,28509.5
"905",2017-06-23,30.3033333333333,6120536,156372.2045,112985.795
"906",2017-06-24,21.91375,5248658,154168.089,59162.3775
"907",2017-06-25,19.14375,4862310,112920.835,54920.31
"908",2017-06-26,32.9104166666667,6109264,165553.517,56187.2715
"909",2017-06-27,38.63875,6307912,134443.148,83409.4515
"910",2017-06-28,35.56875,6295964,123120.5915,161019.2255
"911",2017-06-29,37.8808333333333,6375882,93414.751,110978.89175
"912",2017-06-30,32.1083333333333,6311866,143213.3385,58378.7375
"913",2017-07-01,27.8729166666667,5395153,100309.0315,65860.1005
"914",2017-07-02,24.26125,4990785,101968.2145,115888.15025
"915",2017-07-03,32.7508333333333,6194363,157759.536,75479.36525
"916",2017-07-04,35.3054166666667,6331473,161600.855,45414.1715
"917",2017-07-05,38.74125,6200400,171009.6,11170.28525
"918",2017-07-06,39.39875,6202810,192211.748,22834.7205
"919",2017-07-07,37.55,6147432,159564.0385,39288.59375
"920",2017-07-08,34.0508333333333,5259805,158513.8555,61917.1825
"921",2017-07-09,33.10625,4885503,152506.251,15439.38275
"922",2017-07-10,39.9920833333333,6155337,120445.1935,47059.464
"923",2017-07-11,36.6258333333333,6268390,130020.436,59350.91375
"924",2017-07-12,34.1395833333333,6254343,93391.6495,55577.23225
"925",2017-07-13,34.5483333333333,6269062,181325.4835,126810.40275
"926",2017-07-14,36.7679166666667,6226108,136247.5575,21817.7215
"927",2017-07-15,32.4570833333333,5260901,136182.3255,108843.3695
"928",2017-07-16,30.2916666666667,4898252,113578.016,49557.771
"929",2017-07-17,37.5875,6161262,151782.3895,15878.48825
"930",2017-07-18,37.4745833333333,6276445,186500.4135,18615.25975
"931",2017-07-19,35.9725,6188041,177147.0875,44119.866
"932",2017-07-20,37.0970833333333,6234356,126885.9725,36004.22325
"933",2017-07-21,36.1341666666667,6130456,166532.7635,42460.711
"934",2017-07-22,33.2391666666667,5145707,144561.1105,18257.93
"935",2017-07-23,29.33,4824616,131256.531,28695.247
"936",2017-07-24,38.6995833333333,6042284,77824.935,47622.1675
"937",2017-07-25,33.7691666666667,6185015,76447.2105,152062.099
"938",2017-07-26,32.9820833333333,6059392,75501.5075,107723.30275
"939",2017-07-27,34.0520833333333,6079827,85000.1355,79824.603
"940",2017-07-28,30.8695833333333,5965470,134538.5725,72099.569
"941",2017-07-29,20.3079166666667,5135328,146436.863,32811.345
"942",2017-07-30,5.58541666666667,4800139,158886.6565,76614.77825
"943",2017-07-31,32.2120833333333,5965144,159886.397,16557.66525
"944",2017-08-01,34.555,6020524,147579.372,91311.14225
"945",2017-08-02,33.0641666666667,5979640,146751.325,46520.37325
"946",2017-08-03,27.7929166666667,6018376,120653.9625,32032.49775
"947",2017-08-04,24.6433333333333,5933141,131599.652,40631.946
"948",2017-08-05,27.8420833333333,5061806,126494.96,31311.96925
"949",2017-08-06,20.0675,4749790,129848.7615,102062.6205
"950",2017-08-07,33.09125,5937951,187248.7445,57370.716
"951",2017-08-08,31.0291666666667,6035966,137414.692,93711.42225
"952",2017-08-09,30.6695833333333,5972321,146315.9725,39365.88825
"953",2017-08-10,35.465,6036180,69480.1295,57694.73475
"954",2017-08-11,37.3795833333333,5893123,42050.78,77049.1805
"955",2017-08-12,20.9458333333333,5045839,67049.0575,161047.86875
"956",2017-08-13,21.13875,4646836,112920.836,95399.01275
"957",2017-08-14,32.7429166666667,5743097,160066.492,21418.95625
"958",2017-08-15,27.0445833333333,5692858,158883.468,38558.362
"959",2017-08-16,35.94125,5951041,132345.8985,41637.8125
"960",2017-08-17,33.445,6008415,137539.591,20264.368
"961",2017-08-18,33.1304166666667,5894636,110666.3715,35539.88525
"962",2017-08-19,13.7520833333333,5063608,120978.811,100365.721
"963",2017-08-20,9.15958333333333,4630084,137180.7885,104479.6565
"964",2017-08-21,30.5825,5798706,135360.639,68199.07725
"965",2017-08-22,37.1829166666667,5929688,156759.7665,31893.65175
"966",2017-08-23,36.4666666666667,5986520,165989.7295,14827.529
"967",2017-08-24,35.8675,6068659,134892.8435,22191.14975
"968",2017-08-25,37.9416666666667,5941060,147357.4425,12116.567
"969",2017-08-26,34.3220833333333,5065862,140335.3755,9440.1475
"970",2017-08-27,30.3495833333333,4708841,121554.73,38132.4065
"971",2017-08-28,38.5220833333333,5919132,142336.335,29501.90275
"972",2017-08-29,37.7108333333333,6041268,167914.2985,17523.396
"973",2017-08-30,36.0941666666667,5993408,143510.788,91988.92925
"974",2017-08-31,38.5925,6084840,68977.9545,79841.00525
"975",2017-09-01,38.7891666666667,6046990,77604.77,94786.88375
"976",2017-09-02,33.7925,5158484,96012.203,85075.56475
"977",2017-09-03,30.82875,4738051,120500.9075,155754.085
"978",2017-09-04,36.5958333333333,5947464,149004.0845,64282.78075
"979",2017-09-05,37.5254166666667,6111531,118199.4885,62332.40775
"980",2017-09-06,30.9533333333333,6103144,81381.927,74152.7295
"981",2017-09-07,34.2541666666667,6150945,89217.808,102150.85625
"982",2017-09-08,26.945,5987650,87129.469,76514.0285
"983",2017-09-09,32.605,5095079,68918.006,158160.765
"984",2017-09-10,20.45875,4740804,89058.7515,46519.3385
"985",2017-09-11,22.27625,5965914,78972.713,71579.117
"986",2017-09-12,29.9045833333333,6125460,86599.7895,122400.484
"987",2017-09-13,11.6441666666667,6255135,63851.117,131607.7545
"988",2017-09-14,24.7258333333333,6191864,67830.054,154300.89025
"989",2017-09-15,36.4066666666667,6154867,105993.7015,75107.87875
"990",2017-09-16,36.8916666666667,5195728,83936.536,27831.92175
"991",2017-09-17,33.4783333333333,4833099,91107.2525,72606.725
"992",2017-09-18,42.0891666666667,6139534,90837.258,17501.647
"993",2017-09-19,41.0941666666667,6271039,76198.7445,54700.288
"994",2017-09-20,39.31375,6228851,81056.209,189128.403
"995",2017-09-21,39.2791666666667,6185369,113650.28,162484.88925
"996",2017-09-22,40.1870833333333,6094081,106739.2035,83634.47075
"997",2017-09-23,36.0591666666667,5197771,105537.3555,66491.397
"998",2017-09-24,35.0470833333333,4852476,76667.0805,26163.33975
"999",2017-09-25,42.49375,6080321,86527.264,13950.203
"1000",2017-09-26,40.3495833333333,6197183,96221.3675,15325.414
"1001",2017-09-27,40.8120833333333,6236602,107242.0575,25922.8245
"1002",2017-09-28,40.42,6207002,77275.122,40112.33325
"1003",2017-09-29,39.0229166666667,6132426,86270.5145,39289.01975
"1004",2017-09-30,34.6995833333333,5230932,76732.346,73015.086
"1005",2017-10-01,29.9629166666667,4885914,74100.408,72821.313
"1006",2017-10-02,18.1245833333333,5929652,47049.1465,127525.095
"1007",2017-10-03,24.8808333333333,5110474,62220.359,94837.0845
"1008",2017-10-04,27.33625,6104645,75391.1745,83613.359
"1009",2017-10-05,18.2195833333333,6307833,65671.19,156737.441
"1010",2017-10-06,27.8725,6444113,62157.196,191398.238
"1011",2017-10-07,6.33833333333333,5416892,49557.6635,142718.0755
"1012",2017-10-08,26.20125,5009896,47300.464,133269.7825
"1013",2017-10-09,42.2820833333333,6239164,51117.3885,56291.758
"1014",2017-10-10,36.62,6381849,35991.083,64886.039
"1015",2017-10-11,33.5316666666667,6392975,60017.8065,49054.163
"1016",2017-10-12,26.79375,6499185,72210.24,82633.4145
"1017",2017-10-13,39.3470833333333,6427929,78704.0795,80106.5505
"1018",2017-10-14,31.9504166666667,5475781,97634.98,33994.776
"1019",2017-10-15,29.8479166666667,5078193,108672.2805,13655.109
"1020",2017-10-16,39.0383333333333,6331300,105819.0495,14031.3085
"1021",2017-10-17,38.0079166666667,6427456,105419.008,26567.374
"1022",2017-10-18,52.6066666666667,6482721,86410.823,48514.1745
"1023",2017-10-19,45.9358333333333,6514529,85865.2005,13834.1985
"1024",2017-10-20,38.13125,6348659,62297.14,15666.1055
"1025",2017-10-21,33.0154166666667,5522753,42725.7995,14750.832
"1026",2017-10-22,22.6179166666667,5157429,42098.199,103656.9585
"1027",2017-10-23,41.7341666666667,6478616,28921.0425,214329.919
"1028",2017-10-24,36.7391666666667,6555922,29299.255,145004.152
"1029",2017-10-25,35.15,6547083,42296.8825,43368.087
"1030",2017-10-26,39.615,6470133,57539.799,38298.8625
"1031",2017-10-27,29.6704166666667,6525056,46364.524,165922.1895
"1032",2017-10-28,-17.1520833333333,5646691,33387.8135,230979.4035
"1033",2017-10-29,-47.4641666666667,5291244,43691.664,275609.5235
"1034",2017-10-30,33.1641666666667,6225079,60269.108,NA
"1035",2017-10-31,36.8291666666667,5783862,47235.533,73875.3045
"1036",2017-11-01,30.61875,5664925,42517.5995,45226.2505
"1037",2017-11-02,34.73625,6366094,57858.55,65812.915
"1038",2017-11-03,50.4404166666667,6400016,44497.744,37639.05925
"1039",2017-11-04,33.57625,5838371,52385.8415,143064.68125
"1040",2017-11-05,31.1791666666667,5574118,27095.7025,138871.2085
"1041",2017-11-06,51.2204166666667,6514432,34344.1625,29648.59275
"1042",2017-11-07,52.4195833333333,6543977,31653.1795,28611.277
"1043",2017-11-08,67.4541666666667,6745233,18556.944,16982.7055
"1044",2017-11-09,51.0170833333333,6706213,23143.856,11514.25725
"1045",2017-11-10,30.7979166666667,6664895,18767.4275,80390.78575
"1046",2017-11-11,23.4404166666667,5894950,21813.9435,119042.07075
"1047",2017-11-12,33.9554166666667,5488384,14744.243,62977.899
"1048",2017-11-13,46.0170833333333,6695056,33170.363,214964.83475
"1049",2017-11-14,39.995,6850233,35027.54,158771.2615
"1050",2017-11-15,64.82,6849514,40266.368,27698.96625
"1051",2017-11-16,47.3845833333333,6930810,34020.7355,9358.7305
"1052",2017-11-17,42.6708333333333,6774602,29247.0025,70314.4905
"1053",2017-11-18,18.6166666666667,6022703,27240.6355,86351.05725
"1054",2017-11-19,9.92916666666667,5588469,28224.2365,136924.6705
"1055",2017-11-20,39.4575,6766949,14852.728,175292.255
"1056",2017-11-21,48.9283333333333,6951561,11581.087,93691.23875
"1057",2017-11-22,30.9870833333333,7022407,41094.3105,49742.95075
"1058",2017-11-23,24.0816666666667,7081257,40812.4155,50613.80125
"1059",2017-11-24,43.2666666666667,6954642,30773.836,52278.6285
"1060",2017-11-25,39.1666666666667,6087966,15763.7885,150272.32775
"1061",2017-11-26,18.4875,5757898,24163.574,190262.32675
"1062",2017-11-27,29.6675,6957664,18798.7135,131459.558
"1063",2017-11-28,38.00125,7068654,18976.0405,81422.6125
"1064",2017-11-29,71.8925,7224908,20156.985,23607.838
"1065",2017-11-30,67.1441666666667,7166242,14236.0265,77105.9645
"1066",2017-12-01,61.1954166666667,7022581,24029.791,13656.89325
"1067",2017-12-02,39.99375,6245531,33781.24,80831.66575
"1068",2017-12-03,32.4254166666667,5925478,17263.1765,117882.17
"1069",2017-12-04,35.5729166666667,7096070,11350.62,155462.86225
"1070",2017-12-05,35.3125,7254312,11065.0285,161568.5985
"1071",2017-12-06,31.92375,7270467,15731.1455,155218.9665
"1072",2017-12-07,33.4341666666667,7264235,35852.082,63273.374
"1073",2017-12-08,30.7216666666667,7014026,18471.9765,92249.4945
"1074",2017-12-09,15.70375,6323997,17548.59,199670.49025
"1075",2017-12-10,17.51375,5996244,12044.105,171827.6565
"1076",2017-12-11,42.0620833333333,7110316,11045.057,240414.813
"1077",2017-12-12,34.26625,7252443,12611.042,136830.57175
"1078",2017-12-13,26.30375,7278555,22305.4495,99630.941
"1079",2017-12-14,31.97375,7259379,19754.9425,135379.61075
"1080",2017-12-15,46.38625,7139866,22691.1915,69806.5085
"1081",2017-12-16,37.1870833333333,6201013,15759.493,88550.38375
"1082",2017-12-17,35.3975,5862069,16633.792,95500.36225
"1083",2017-12-18,55.9979166666667,6996529,12828.5945,58351.74925
"1084",2017-12-19,60.6766666666667,7090203,12126.6315,47964.3515
"1085",2017-12-20,61.35625,6942605,8781.322,27874.31125
"1086",2017-12-21,42.8195833333333,6849420,6544.325,87860.2
"1087",2017-12-22,39.4279166666667,6579857,10229.679,131528.85075
"1088",2017-12-23,8.455,5654592,10168.673,174870.70425
"1089",2017-12-24,-10.2883333333333,5022586,11922.2215,184139.666
"1090",2017-12-25,7.215,4869796,18574.155,54911.59
"1091",2017-12-26,-3.74583333333333,4932553,28963.9215,44222.94325
"1092",2017-12-27,35.3133333333333,6018839,14925.304,179737.03325
"1093",2017-12-28,31.6875,6127054,12111.486,163933.9455
"1094",2017-12-29,21.14625,5828134,25479.3275,173594.76275
"1095",2017-12-30,12.1225,5344525,7498.5645,96304.909
"1096",2017-12-31,2.46791666666667,4742564,19075.9975,104839.709
