01.01.2011 00:00:00;01.01.2011 01:00:00;3909,42;;97,1940;;;
01.01.2011 01:00:00;01.01.2011 02:00:00;3655,83;;99,1655;;;
01.01.2011 02:00:00;01.01.2011 03:00:00;3624,69;;102,6460;;;
01.01.2011 03:00:00;01.01.2011 04:00:00;3616,57;;106,3923;;;
01.01.2011 04:00:00;01.01.2011 05:00:00;3613,91;;107,3935;;;
01.01.2011 05:00:00;01.01.2011 06:00:00;3630,88;;105,9915;;;
01.01.2011 06:00:00;01.01.2011 07:00:00;3652,22;;108,1238;;;
01.01.2011 07:00:00;01.01.2011 08:00:00;3725,62;;119,6093;;;
01.01.2011 08:00:00;01.01.2011 09:00:00;3758,82;;138,6083;;;
01.01.2011 09:00:00;01.01.2011 10:00:00;3877,67;;160,8503;;;
01.01.2011 10:00:00;01.01.2011 11:00:00;3992,7;;182,5335;;;
01.01.2011 11:00:00;01.01.2011 12:00:00;4097,05;;207,4670;;;
01.01.2011 12:00:00;01.01.2011 13:00:00;4334,02;;240,7225;;;
01.01.2011 13:00:00;01.01.2011 14:00:00;4197,79;;270,4148;;;
01.01.2011 14:00:00;01.01.2011 15:00:00;4007,83;;296,2855;;;
01.01.2011 15:00:00;01.01.2011 16:00:00;4127,25;;329,8150;;;
01.01.2011 16:00:00;01.01.2011 17:00:00;4306,4;;371,8578;;;
01.01.2011 17:00:00;01.01.2011 18:00:00;5055,55;;423,4195;;;
01.01.2011 18:00:00;01.01.2011 19:00:00;5129,43;;481,3455;;;
01.01.2011 19:00:00;01.01.2011 20:00:00;5210,36;;526,7970;;;
01.01.2011 20:00:00;01.01.2011 21:00:00;4877,86;;545,6105;;;
01.01.2011 21:00:00;01.01.2011 22:00:00;4515,36;;536,1395;;;
01.01.2011 22:00:00;01.01.2011 23:00:00;4518,74;;512,3103;;;
01.01.2011 23:00:00;02.01.2011 00:00:00;4353,13;;487,0080;;;
02.01.2011 00:00:00;02.01.2011 01:00:00;4117,63;;384,7920;;;
02.01.2011 01:00:00;02.01.2011 02:00:00;4021,95;;374,4253;;;
02.01.2011 02:00:00;02.01.2011 03:00:00;3870,99;;359,6708;;;
02.01.2011 03:00:00;02.01.2011 04:00:00;3853,2;;340,4230;;;
02.01.2011 04:00:00;02.01.2011 05:00:00;3834,95;;318,5913;;;
02.01.2011 05:00:00;02.01.2011 06:00:00;3921,38;;292,6748;;;
02.01.2011 06:00:00;02.01.2011 07:00:00;3912,17;;268,5268;;;
02.01.2011 07:00:00;02.01.2011 08:00:00;3930,59;;259,0778;;;
02.01.2011 08:00:00;02.01.2011 09:00:00;3947,33;;262,5055;;;
02.01.2011 09:00:00;02.01.2011 10:00:00;4045,98;;273,8210;;;
02.01.2011 10:00:00;02.01.2011 11:00:00;4177,52;;290,8565;;;
02.01.2011 11:00:00;02.01.2011 12:00:00;4542,15;;312,7465;;;
02.01.2011 12:00:00;02.01.2011 13:00:00;4632,73;;332,9228;;;
02.01.2011 13:00:00;02.01.2011 14:00:00;4335,14;;339,8295;;;
02.01.2011 14:00:00;02.01.2011 15:00:00;4210,46;;338,2715;;;
02.01.2011 15:00:00;02.01.2011 16:00:00;4233,37;;344,2510;;;
02.01.2011 16:00:00;02.01.2011 17:00:00;4440,86;;360,8203;;;
02.01.2011 17:00:00;02.01.2011 18:00:00;5351,81;;375,6410;;;
02.01.2011 18:00:00;02.01.2011 19:00:00;5809,82;;385,1865;;;
02.01.2011 19:00:00;02.01.2011 20:00:00;5727,54;;386,0230;;;
02.01.2011 20:00:00;02.01.2011 21:00:00;5222,73;;375,6153;;;
02.01.2011 21:00:00;02.01.2011 22:00:00;4717,73;;359,4975;;;
02.01.2011 22:00:00;02.01.2011 23:00:00;4695,04;;347,2403;;;
02.01.2011 23:00:00;03.01.2011 00:00:00;4242,8;;340,2420;;;
03.01.2011 00:00:00;03.01.2011 01:00:00;4202,09;;395,7070;;;
03.01.2011 01:00:00;03.01.2011 02:00:00;3916,87;;391,4998;;;
03.01.2011 02:00:00;03.01.2011 03:00:00;3618,03;;380,0625;;;
03.01.2011 03:00:00;03.01.2011 04:00:00;3643,31;;371,3600;;;
03.01.2011 04:00:00;03.01.2011 05:00:00;3709,42;;365,4835;;;
03.01.2011 05:00:00;03.01.2011 06:00:00;3884;;361,8483;;;
03.01.2011 06:00:00;03.01.2011 07:00:00;4528;;344,7308;;;
03.01.2011 07:00:00;03.01.2011 08:00:00;6173,56;;331,4783;;;
03.01.2011 08:00:00;03.01.2011 09:00:00;7298,17;;338,4005;;;
03.01.2011 09:00:00;03.01.2011 10:00:00;7326,17;;355,1043;;;
03.01.2011 10:00:00;03.01.2011 11:00:00;7318,85;;369,1853;;;
03.01.2011 11:00:00;03.01.2011 12:00:00;7521,07;;386,2708;;;
03.01.2011 12:00:00;03.01.2011 13:00:00;7301,78;;391,1598;;;
03.01.2011 13:00:00;03.01.2011 14:00:00;7167,38;;361,2370;;;
03.01.2011 14:00:00;03.01.2011 15:00:00;7158,21;;305,8053;;;
03.01.2011 15:00:00;03.01.2011 16:00:00;7136,8;;259,6980;;;
03.01.2011 16:00:00;03.01.2011 17:00:00;7415,93;;222,1033;;;
03.01.2011 17:00:00;03.01.2011 18:00:00;8078,79;;183,2485;;;
03.01.2011 18:00:00;03.01.2011 19:00:00;8072,12;;147,8750;;;
03.01.2011 19:00:00;03.01.2011 20:00:00;7958,54;;123,3100;;;
03.01.2011 20:00:00;03.01.2011 21:00:00;6904,97;;110,9580;;;
03.01.2011 21:00:00;03.01.2011 22:00:00;5877,6;;99,6970;;;
03.01.2011 22:00:00;03.01.2011 23:00:00;5661,48;;85,2803;;;
03.01.2011 23:00:00;04.01.2011 00:00:00;4797,37;;73,8838;;;
04.01.2011 00:00:00;04.01.2011 01:00:00;5313,8;;72,3140;;;
04.01.2011 01:00:00;04.01.2011 02:00:00;4991,57;;67,4785;;;
04.01.2011 02:00:00;04.01.2011 03:00:00;4933,03;;60,6150;;;
04.01.2011 03:00:00;04.01.2011 04:00:00;4998;;54,5445;;;
04.01.2011 04:00:00;04.01.2011 05:00:00;5149,61;;50,4375;;;
04.01.2011 05:00:00;04.01.2011 06:00:00;5381,15;;47,9915;;;
04.01.2011 06:00:00;04.01.2011 07:00:00;6232,35;;47,4575;;;
04.01.2011 07:00:00;04.01.2011 08:00:00;7216,85;;50,5238;;;
04.01.2011 08:00:00;04.01.2011 09:00:00;7788,78;;57,2663;;;
04.01.2011 09:00:00;04.01.2011 10:00:00;8135,85;;68,9618;;;
04.01.2011 10:00:00;04.01.2011 11:00:00;8107,37;;89,0635;;;
04.01.2011 11:00:00;04.01.2011 12:00:00;7750,46;;116,8340;;;
04.01.2011 12:00:00;04.01.2011 13:00:00;7438,99;;149,0298;;;
04.01.2011 13:00:00;04.01.2011 14:00:00;7106,43;;182,4030;;;
04.01.2011 14:00:00;04.01.2011 15:00:00;6903,7;;210,5710;;;
04.01.2011 15:00:00;04.01.2011 16:00:00;7120,99;;229,5790;;;
04.01.2011 16:00:00;04.01.2011 17:00:00;7771,15;;243,5868;;;
04.01.2011 17:00:00;04.01.2011 18:00:00;8661,59;;257,1100;;;
04.01.2011 18:00:00;04.01.2011 19:00:00;8933,26;;266,9983;;;
04.01.2011 19:00:00;04.01.2011 20:00:00;8230,33;;272,7260;;;
04.01.2011 20:00:00;04.01.2011 21:00:00;6961,23;;278,9640;;;
04.01.2011 21:00:00;04.01.2011 22:00:00;6304,84;;284,6610;;;
04.01.2011 22:00:00;04.01.2011 23:00:00;6087,63;;291,3245;;;
04.01.2011 23:00:00;05.01.2011 00:00:00;5679,01;;299,5938;;;
05.01.2011 00:00:00;05.01.2011 01:00:00;5545,99;;428,4870;;;
05.01.2011 01:00:00;05.01.2011 02:00:00;5354,72;;423,8003;;;
05.01.2011 02:00:00;05.01.2011 03:00:00;5138,64;;421,1843;;;
05.01.2011 03:00:00;05.01.2011 04:00:00;5149,67;;422,2598;;;
05.01.2011 04:00:00;05.01.2011 05:00:00;5278,16;;416,3788;;;
05.01.2011 05:00:00;05.01.2011 06:00:00;5517,2;;407,8515;;;
05.01.2011 06:00:00;05.01.2011 07:00:00;6117,7;;404,0028;;;
05.01.2011 07:00:00;05.01.2011 08:00:00;6660,08;;403,1285;;;
05.01.2011 08:00:00;05.01.2011 09:00:00;6911,94;;401,8948;;;
05.01.2011 09:00:00;05.01.2011 10:00:00;7136,27;;396,0790;;;
05.01.2011 10:00:00;05.01.2011 11:00:00;7297,62;;387,4110;;;
05.01.2011 11:00:00;05.01.2011 12:00:00;7293,44;;378,5033;;;
05.01.2011 12:00:00;05.01.2011 13:00:00;6975,89;;369,5925;;;
05.01.2011 13:00:00;05.01.2011 14:00:00;6911,47;;352,2303;;;
05.01.2011 14:00:00;05.01.2011 15:00:00;6362,9;;328,6580;;;
05.01.2011 15:00:00;05.01.2011 16:00:00;6548,18;;306,2070;;;
05.01.2011 16:00:00;05.01.2011 17:00:00;7033,14;;292,1223;;;
05.01.2011 17:00:00;05.01.2011 18:00:00;8008,4;;284,2573;;;
05.01.2011 18:00:00;05.01.2011 19:00:00;7775,71;;279,2065;;;
05.01.2011 19:00:00;05.01.2011 20:00:00;6973,44;;281,3348;;;
05.01.2011 20:00:00;05.01.2011 21:00:00;6327,62;;284,3530;;;
05.01.2011 21:00:00;05.01.2011 22:00:00;6167,41;;285,7065;;;
05.01.2011 22:00:00;05.01.2011 23:00:00;5885,53;;287,0168;;;
05.01.2011 23:00:00;06.01.2011 00:00:00;5311,14;;296,5288;;;
06.01.2011 00:00:00;06.01.2011 01:00:00;4917,29;;383,5330;;;
06.01.2011 01:00:00;06.01.2011 02:00:00;4758,85;;384,0245;;;
06.01.2011 02:00:00;06.01.2011 03:00:00;4764,28;;393,9478;;;
06.01.2011 03:00:00;06.01.2011 04:00:00;4751,18;;409,3853;;;
06.01.2011 04:00:00;06.01.2011 05:00:00;4828,64;;422,2048;;;
06.01.2011 05:00:00;06.01.2011 06:00:00;5062,89;;431,5120;;;
06.01.2011 06:00:00;06.01.2011 07:00:00;5719,65;;440,3163;;;
06.01.2011 07:00:00;06.01.2011 08:00:00;6485,13;;467,2550;;;
06.01.2011 08:00:00;06.01.2011 09:00:00;6546,45;;495,3905;;;
06.01.2011 09:00:00;06.01.2011 10:00:00;6849,94;;522,8690;;;
06.01.2011 10:00:00;06.01.2011 11:00:00;6951,86;;552,5885;;;
06.01.2011 11:00:00;06.01.2011 12:00:00;7009,61;;576,1618;;;
06.01.2011 12:00:00;06.01.2011 13:00:00;7107,19;;582,7113;;;
06.01.2011 13:00:00;06.01.2011 14:00:00;6482,76;;547,6828;;;
06.01.2011 14:00:00;06.01.2011 15:00:00;6362,93;;481,6440;;;
06.01.2011 15:00:00;06.01.2011 16:00:00;6337,17;;418,9053;;;
06.01.2011 16:00:00;06.01.2011 17:00:00;6331,79;;365,8303;;;
06.01.2011 17:00:00;06.01.2011 18:00:00;7538,51;;288,9940;;;
06.01.2011 18:00:00;06.01.2011 19:00:00;7715,76;;216,9750;;;
06.01.2011 19:00:00;06.01.2011 20:00:00;7244,19;;180,1190;;;
06.01.2011 20:00:00;06.01.2011 21:00:00;6003,99;;172,2050;;;
06.01.2011 21:00:00;06.01.2011 22:00:00;5893,6;;183,3123;;;
06.01.2011 22:00:00;06.01.2011 23:00:00;5764,25;;197,2658;;;
06.01.2011 23:00:00;07.01.2011 00:00:00;5182,29;;204,6323;;;
07.01.2011 00:00:00;07.01.2011 01:00:00;4277,62;;118,2880;;;
07.01.2011 01:00:00;07.01.2011 02:00:00;4119,56;;99,7150;;;
07.01.2011 02:00:00;07.01.2011 03:00:00;4064,9;;79,0250;;;
07.01.2011 03:00:00;07.01.2011 04:00:00;4048,59;;69,4123;;;
07.01.2011 04:00:00;07.01.2011 05:00:00;4120,99;;66,3595;;;
07.01.2011 05:00:00;07.01.2011 06:00:00;4297,93;;64,5103;;;
07.01.2011 06:00:00;07.01.2011 07:00:00;5252,68;;62,5653;;;
07.01.2011 07:00:00;07.01.2011 08:00:00;6205,68;;62,7895;;;
07.01.2011 08:00:00;07.01.2011 09:00:00;6795,99;;65,3330;;;
07.01.2011 09:00:00;07.01.2011 10:00:00;6879,59;;72,8258;;;
07.01.2011 10:00:00;07.01.2011 11:00:00;6957,38;;82,1380;;;
07.01.2011 11:00:00;07.01.2011 12:00:00;7054,53;;91,6453;;;
07.01.2011 12:00:00;07.01.2011 13:00:00;6829,01;;102,4785;;;
07.01.2011 13:00:00;07.01.2011 14:00:00;6279,81;;115,0738;;;
07.01.2011 14:00:00;07.01.2011 15:00:00;5998,65;;122,4173;;;
07.01.2011 15:00:00;07.01.2011 16:00:00;5977,29;;116,4610;;;
07.01.2011 16:00:00;07.01.2011 17:00:00;6233;;110,5308;;;
07.01.2011 17:00:00;07.01.2011 18:00:00;7143,96;;112,1263;;;
07.01.2011 18:00:00;07.01.2011 19:00:00;6826,5;;112,7905;;;
07.01.2011 19:00:00;07.01.2011 20:00:00;6255,55;;111,3063;;;
07.01.2011 20:00:00;07.01.2011 21:00:00;5713,97;;107,7700;;;
07.01.2011 21:00:00;07.01.2011 22:00:00;5342,4;;96,3225;;;
07.01.2011 22:00:00;07.01.2011 23:00:00;5080,35;;84,0308;;;
07.01.2011 23:00:00;08.01.2011 00:00:00;4716,27;;77,2353;;;
08.01.2011 00:00:00;08.01.2011 01:00:00;3931,32;;63,1610;;;
08.01.2011 01:00:00;08.01.2011 02:00:00;3742,82;;60,0285;;;
08.01.2011 02:00:00;08.01.2011 03:00:00;3671,73;;54,6660;;;
08.01.2011 03:00:00;08.01.2011 04:00:00;3714,91;;50,3080;;;
08.01.2011 04:00:00;08.01.2011 05:00:00;3735,49;;46,7178;;;
08.01.2011 05:00:00;08.01.2011 06:00:00;3752,21;;44,7793;;;
08.01.2011 06:00:00;08.01.2011 07:00:00;3842,5;;44,2995;;;
08.01.2011 07:00:00;08.01.2011 08:00:00;3996,31;;43,4450;;;
08.01.2011 08:00:00;08.01.2011 09:00:00;4149,06;;42,2208;;;
08.01.2011 09:00:00;08.01.2011 10:00:00;4589,64;;42,0815;;;
08.01.2011 10:00:00;08.01.2011 11:00:00;4640,89;;41,9660;;;
08.01.2011 11:00:00;08.01.2011 12:00:00;4724,13;;41,6558;;;
08.01.2011 12:00:00;08.01.2011 13:00:00;4497,66;;40,6373;;;
08.01.2011 13:00:00;08.01.2011 14:00:00;4116,43;;41,9658;;;
08.01.2011 14:00:00;08.01.2011 15:00:00;4034,16;;44,2730;;;
08.01.2011 15:00:00;08.01.2011 16:00:00;3997,82;;45,0285;;;
08.01.2011 16:00:00;08.01.2011 17:00:00;4076,63;;47,9120;;;
08.01.2011 17:00:00;08.01.2011 18:00:00;4966,05;;53,8045;;;
08.01.2011 18:00:00;08.01.2011 19:00:00;5332,33;;52,7430;;;
08.01.2011 19:00:00;08.01.2011 20:00:00;5089;;47,3620;;;
08.01.2011 20:00:00;08.01.2011 21:00:00;4603,28;;45,6603;;;
08.01.2011 21:00:00;08.01.2011 22:00:00;4114,11;;48,5133;;;
08.01.2011 22:00:00;08.01.2011 23:00:00;4342,62;;54,1875;;;
08.01.2011 23:00:00;09.01.2011 00:00:00;3945,23;;58,1255;;;
09.01.2011 00:00:00;09.01.2011 01:00:00;3897,04;;68,2470;;;
09.01.2011 01:00:00;09.01.2011 02:00:00;3873,27;;81,4743;;;
09.01.2011 02:00:00;09.01.2011 03:00:00;3881,28;;106,3243;;;
09.01.2011 03:00:00;09.01.2011 04:00:00;3903,86;;132,3385;;;
09.01.2011 04:00:00;09.01.2011 05:00:00;3939,63;;152,7038;;;
09.01.2011 05:00:00;09.01.2011 06:00:00;4000,62;;168,8600;;;
09.01.2011 06:00:00;09.01.2011 07:00:00;4133,48;;177,3355;;;
09.01.2011 07:00:00;09.01.2011 08:00:00;4333,99;;174,6330;;;
09.01.2011 08:00:00;09.01.2011 09:00:00;4455,62;;166,4045;;;
09.01.2011 09:00:00;09.01.2011 10:00:00;4559,63;;154,6220;;;
09.01.2011 10:00:00;09.01.2011 11:00:00;4545,16;;138,6193;;;
09.01.2011 11:00:00;09.01.2011 12:00:00;4767,16;;120,6630;;;
09.01.2011 12:00:00;09.01.2011 13:00:00;4729,79;;108,1208;;;
09.01.2011 13:00:00;09.01.2011 14:00:00;4550,4;;103,4918;;;
09.01.2011 14:00:00;09.01.2011 15:00:00;4410,22;;97,6123;;;
09.01.2011 15:00:00;09.01.2011 16:00:00;4339,9;;91,3435;;;
09.01.2011 16:00:00;09.01.2011 17:00:00;4599,14;;83,5048;;;
09.01.2011 17:00:00;09.01.2011 18:00:00;5336,61;;76,9165;;;
09.01.2011 18:00:00;09.01.2011 19:00:00;5523,4;;79,6600;;;
09.01.2011 19:00:00;09.01.2011 20:00:00;5579,81;;91,0360;;;
09.01.2011 20:00:00;09.01.2011 21:00:00;5232,74;;106,8075;;;
09.01.2011 21:00:00;09.01.2011 22:00:00;5039,35;;115,9858;;;
09.01.2011 22:00:00;09.01.2011 23:00:00;4800,83;;118,5250;;;
09.01.2011 23:00:00;10.01.2011 00:00:00;4826,87;;120,4918;;;
10.01.2011 00:00:00;10.01.2011 01:00:00;4368,62;;75,8500;;;
10.01.2011 01:00:00;10.01.2011 02:00:00;4375,08;;71,8778;;;
10.01.2011 02:00:00;10.01.2011 03:00:00;4337,18;;65,3270;;;
10.01.2011 03:00:00;10.01.2011 04:00:00;4401,52;;58,7848;;;
10.01.2011 04:00:00;10.01.2011 05:00:00;4345,85;;54,1620;;;
10.01.2011 05:00:00;10.01.2011 06:00:00;4567,44;;52,6083;;;
10.01.2011 06:00:00;10.01.2011 07:00:00;5663,49;;51,8290;;;
10.01.2011 07:00:00;10.01.2011 08:00:00;7384,53;;51,3468;;;
10.01.2011 08:00:00;10.01.2011 09:00:00;7948,6;;51,5735;;;
10.01.2011 09:00:00;10.01.2011 10:00:00;7565,61;;52,4545;;;
10.01.2011 10:00:00;10.01.2011 11:00:00;7242,44;;54,0640;;;
10.01.2011 11:00:00;10.01.2011 12:00:00;7626,33;;55,9138;;;
10.01.2011 12:00:00;10.01.2011 13:00:00;7235,01;;57,3678;;;
10.01.2011 13:00:00;10.01.2011 14:00:00;7110,54;;57,5035;;;
10.01.2011 14:00:00;10.01.2011 15:00:00;6924,77;;56,5988;;;
10.01.2011 15:00:00;10.01.2011 16:00:00;6963;;54,4728;;;
10.01.2011 16:00:00;10.01.2011 17:00:00;7084,68;;51,7155;;;
10.01.2011 17:00:00;10.01.2011 18:00:00;8337,21;;49,2845;;;
10.01.2011 18:00:00;10.01.2011 19:00:00;8584,66;;47,4473;;;
10.01.2011 19:00:00;10.01.2011 20:00:00;8137,05;;46,9465;;;
10.01.2011 20:00:00;10.01.2011 21:00:00;6649,5;;46,8135;;;
10.01.2011 21:00:00;10.01.2011 22:00:00;6291,77;;46,8610;;;
10.01.2011 22:00:00;10.01.2011 23:00:00;5799,8;;47,8558;;;
10.01.2011 23:00:00;11.01.2011 00:00:00;5584,35;;49,8423;;;
11.01.2011 00:00:00;11.01.2011 01:00:00;5060,28;;108,7720;;;
11.01.2011 01:00:00;11.01.2011 02:00:00;4949,47;;122,0328;;;
11.01.2011 02:00:00;11.01.2011 03:00:00;4849,14;;146,3168;;;
11.01.2011 03:00:00;11.01.2011 04:00:00;4872,02;;169,5310;;;
11.01.2011 04:00:00;11.01.2011 05:00:00;4915,36;;185,9705;;;
11.01.2011 05:00:00;11.01.2011 06:00:00;5235,25;;204,3093;;;
11.01.2011 06:00:00;11.01.2011 07:00:00;6467,09;;230,0108;;;
11.01.2011 07:00:00;11.01.2011 08:00:00;7478,25;;249,5575;;;
11.01.2011 08:00:00;11.01.2011 09:00:00;7914,57;;261,1110;;;
11.01.2011 09:00:00;11.01.2011 10:00:00;7860,97;;274,3188;;;
11.01.2011 10:00:00;11.01.2011 11:00:00;7702,31;;289,7095;;;
11.01.2011 11:00:00;11.01.2011 12:00:00;8223,69;;302,4460;;;
11.01.2011 12:00:00;11.01.2011 13:00:00;7985,07;;310,3428;;;
11.01.2011 13:00:00;11.01.2011 14:00:00;7795,29;;303,5945;;;
11.01.2011 14:00:00;11.01.2011 15:00:00;7188,34;;285,9873;;;
11.01.2011 15:00:00;11.01.2011 16:00:00;7079,63;;271,4098;;;
11.01.2011 16:00:00;11.01.2011 17:00:00;7499,26;;262,3438;;;
11.01.2011 17:00:00;11.01.2011 18:00:00;8623,73;;254,3263;;;
11.01.2011 18:00:00;11.01.2011 19:00:00;8730,27;;238,2128;;;
11.01.2011 19:00:00;11.01.2011 20:00:00;8141,89;;213,0510;;;
11.01.2011 20:00:00;11.01.2011 21:00:00;7015,19;;181,6350;;;
11.01.2011 21:00:00;11.01.2011 22:00:00;6354,42;;150,2608;;;
11.01.2011 22:00:00;11.01.2011 23:00:00;6245,53;;116,3755;;;
11.01.2011 23:00:00;12.01.2011 00:00:00;5721,15;;93,8110;;;
12.01.2011 00:00:00;12.01.2011 01:00:00;5489,17;;79,2140;;;
12.01.2011 01:00:00;12.01.2011 02:00:00;5344,2;;85,6923;;;
12.01.2011 02:00:00;12.01.2011 03:00:00;5160,37;;100,3025;;;
12.01.2011 03:00:00;12.01.2011 04:00:00;5155,68;;119,7920;;;
12.01.2011 04:00:00;12.01.2011 05:00:00;5324,77;;143,0990;;;
12.01.2011 05:00:00;12.01.2011 06:00:00;5661,15;;172,3288;;;
12.01.2011 06:00:00;12.01.2011 07:00:00;6413,06;;210,5745;;;
12.01.2011 07:00:00;12.01.2011 08:00:00;7314,39;;245,6288;;;
12.01.2011 08:00:00;12.01.2011 09:00:00;7543,76;;280,2773;;;
12.01.2011 09:00:00;12.01.2011 10:00:00;7615,3;;308,9818;;;
12.01.2011 10:00:00;12.01.2011 11:00:00;7733,85;;322,7013;;;
12.01.2011 11:00:00;12.01.2011 12:00:00;8083,08;;334,4360;;;
12.01.2011 12:00:00;12.01.2011 13:00:00;7848,9;;350,9880;;;
12.01.2011 13:00:00;12.01.2011 14:00:00;7589,97;;349,1888;;;
12.01.2011 14:00:00;12.01.2011 15:00:00;7380,55;;329,6198;;;
12.01.2011 15:00:00;12.01.2011 16:00:00;7147,4;;308,7368;;;
12.01.2011 16:00:00;12.01.2011 17:00:00;7542,74;;283,6995;;;
12.01.2011 17:00:00;12.01.2011 18:00:00;8724,77;;246,9490;;;
12.01.2011 18:00:00;12.01.2011 19:00:00;8846,45;;204,1653;;;
12.01.2011 19:00:00;12.01.2011 20:00:00;7774,61;;170,6205;;;
12.01.2011 20:00:00;12.01.2011 21:00:00;7038,62;;155,6153;;;
12.01.2011 21:00:00;12.01.2011 22:00:00;6718,67;;149,7145;;;
12.01.2011 22:00:00;12.01.2011 23:00:00;6638,16;;159,3005;;;
12.01.2011 23:00:00;13.01.2011 00:00:00;6278,61;;177,7310;;;
13.01.2011 00:00:00;13.01.2011 01:00:00;5474,24;;153,0650;;;
13.01.2011 01:00:00;13.01.2011 02:00:00;5313,46;;155,1018;;;
13.01.2011 02:00:00;13.01.2011 03:00:00;5293,35;;160,0758;;;
13.01.2011 03:00:00;13.01.2011 04:00:00;5275,17;;170,7580;;;
13.01.2011 04:00:00;13.01.2011 05:00:00;5348,68;;186,4403;;;
13.01.2011 05:00:00;13.01.2011 06:00:00;5680,8;;200,4323;;;
13.01.2011 06:00:00;13.01.2011 07:00:00;6867,79;;213,6693;;;
13.01.2011 07:00:00;13.01.2011 08:00:00;7419,34;;233,8500;;;
13.01.2011 08:00:00;13.01.2011 09:00:00;7819,65;;262,8003;;;
13.01.2011 09:00:00;13.01.2011 10:00:00;7716,9;;293,7898;;;
13.01.2011 10:00:00;13.01.2011 11:00:00;7951,48;;324,3230;;;
13.01.2011 11:00:00;13.01.2011 12:00:00;8061,72;;351,6035;;;
13.01.2011 12:00:00;13.01.2011 13:00:00;7944,7;;380,4725;;;
13.01.2011 13:00:00;13.01.2011 14:00:00;7805,7;;402,9960;;;
13.01.2011 14:00:00;13.01.2011 15:00:00;7628,7;;420,1498;;;
13.01.2011 15:00:00;13.01.2011 16:00:00;7675,49;;438,5840;;;
13.01.2011 16:00:00;13.01.2011 17:00:00;7943,6;;451,8070;;;
13.01.2011 17:00:00;13.01.2011 18:00:00;8709,61;;454,3453;;;
13.01.2011 18:00:00;13.01.2011 19:00:00;8842,39;;446,9848;;;
13.01.2011 19:00:00;13.01.2011 20:00:00;8330,33;;443,1708;;;
13.01.2011 20:00:00;13.01.2011 21:00:00;7759,85;;442,7573;;;
13.01.2011 21:00:00;13.01.2011 22:00:00;7423,36;;434,2535;;;
13.01.2011 22:00:00;13.01.2011 23:00:00;7285,34;;418,2798;;;
13.01.2011 23:00:00;14.01.2011 00:00:00;6427,58;;395,7555;;;
14.01.2011 00:00:00;14.01.2011 01:00:00;5353,66;;372,9690;;;
14.01.2011 01:00:00;14.01.2011 02:00:00;4987,15;;381,0180;;;
14.01.2011 02:00:00;14.01.2011 03:00:00;4874,05;;399,7338;;;
14.01.2011 03:00:00;14.01.2011 04:00:00;4833,71;;424,2085;;;
14.01.2011 04:00:00;14.01.2011 05:00:00;4954,75;;447,7785;;;
14.01.2011 05:00:00;14.01.2011 06:00:00;5265,26;;459,7363;;;
14.01.2011 06:00:00;14.01.2011 07:00:00;6849,43;;455,0620;;;
14.01.2011 07:00:00;14.01.2011 08:00:00;8294,13;;444,6275;;;
14.01.2011 08:00:00;14.01.2011 09:00:00;8193,38;;432,9983;;;
14.01.2011 09:00:00;14.01.2011 10:00:00;7867,21;;427,1468;;;
14.01.2011 10:00:00;14.01.2011 11:00:00;8269,75;;431,8590;;;
14.01.2011 11:00:00;14.01.2011 12:00:00;8116,52;;434,1083;;;
14.01.2011 12:00:00;14.01.2011 13:00:00;7623,73;;416,8593;;;
14.01.2011 13:00:00;14.01.2011 14:00:00;6849,84;;380,4830;;;
14.01.2011 14:00:00;14.01.2011 15:00:00;6788,81;;334,8100;;;
14.01.2011 15:00:00;14.01.2011 16:00:00;6494,35;;305,5640;;;
14.01.2011 16:00:00;14.01.2011 17:00:00;6797,37;;295,9148;;;
14.01.2011 17:00:00;14.01.2011 18:00:00;7245,99;;279,4395;;;
14.01.2011 18:00:00;14.01.2011 19:00:00;7727,93;;243,7970;;;
14.01.2011 19:00:00;14.01.2011 20:00:00;7010,15;;197,4248;;;
14.01.2011 20:00:00;14.01.2011 21:00:00;6344,42;;154,8480;;;
14.01.2011 21:00:00;14.01.2011 22:00:00;5862,56;;127,9053;;;
14.01.2011 22:00:00;14.01.2011 23:00:00;5594,95;;111,9525;;;
14.01.2011 23:00:00;15.01.2011 00:00:00;5148,97;;102,5008;;;
15.01.2011 00:00:00;15.01.2011 01:00:00;4032,53;;151,7310;;;
15.01.2011 01:00:00;15.01.2011 02:00:00;3978,03;;175,6743;;;
15.01.2011 02:00:00;15.01.2011 03:00:00;3993,9;;229,9150;;;
15.01.2011 03:00:00;15.01.2011 04:00:00;4068,95;;310,9685;;;
15.01.2011 04:00:00;15.01.2011 05:00:00;4178,95;;413,3098;;;
15.01.2011 05:00:00;15.01.2011 06:00:00;4322,19;;518,4220;;;
15.01.2011 06:00:00;15.01.2011 07:00:00;4467,4;;598,0098;;;
15.01.2011 07:00:00;15.01.2011 08:00:00;4578,79;;644,1230;;;
15.01.2011 08:00:00;15.01.2011 09:00:00;4862,16;;683,2368;;;
15.01.2011 09:00:00;15.01.2011 10:00:00;5163,54;;691,2123;;;
15.01.2011 10:00:00;15.01.2011 11:00:00;5393,72;;683,7655;;;
15.01.2011 11:00:00;15.01.2011 12:00:00;5656,18;;687,6033;;;
15.01.2011 12:00:00;15.01.2011 13:00:00;5534,58;;690,4423;;;
15.01.2011 13:00:00;15.01.2011 14:00:00;5279,58;;660,1403;;;
15.01.2011 14:00:00;15.01.2011 15:00:00;5157,37;;606,4918;;;
15.01.2011 15:00:00;15.01.2011 16:00:00;5184,39;;543,1603;;;
15.01.2011 16:00:00;15.01.2011 17:00:00;5216,22;;469,1070;;;
15.01.2011 17:00:00;15.01.2011 18:00:00;6018;;401,3990;;;
15.01.2011 18:00:00;15.01.2011 19:00:00;6126,46;;356,2138;;;
15.01.2011 19:00:00;15.01.2011 20:00:00;5910,04;;331,5063;;;
15.01.2011 20:00:00;15.01.2011 21:00:00;5427,06;;294,4930;;;
15.01.2011 21:00:00;15.01.2011 22:00:00;4931,56;;239,7760;;;
15.01.2011 22:00:00;15.01.2011 23:00:00;4434,96;;190,7795;;;
15.01.2011 23:00:00;16.01.2011 00:00:00;4111,59;;162,0450;;;
16.01.2011 00:00:00;16.01.2011 01:00:00;4261,46;;130,2320;;;
16.01.2011 01:00:00;16.01.2011 02:00:00;4200,39;;118,0355;;;
16.01.2011 02:00:00;16.01.2011 03:00:00;4115,41;;101,8190;;;
16.01.2011 03:00:00;16.01.2011 04:00:00;3969,11;;90,5165;;;
16.01.2011 04:00:00;16.01.2011 05:00:00;3963,61;;85,0545;;;
16.01.2011 05:00:00;16.01.2011 06:00:00;4027,49;;81,2665;;;
16.01.2011 06:00:00;16.01.2011 07:00:00;4097,33;;75,7978;;;
16.01.2011 07:00:00;16.01.2011 08:00:00;4099,65;;68,5333;;;
16.01.2011 08:00:00;16.01.2011 09:00:00;4108;;60,0618;;;
16.01.2011 09:00:00;16.01.2011 10:00:00;4412,4;;54,7178;;;
16.01.2011 10:00:00;16.01.2011 11:00:00;4439,27;;52,7825;;;
16.01.2011 11:00:00;16.01.2011 12:00:00;4487,94;;50,5915;;;
16.01.2011 12:00:00;16.01.2011 13:00:00;4470,51;;47,9395;;;
16.01.2011 13:00:00;16.01.2011 14:00:00;4299,4;;47,5763;;;
16.01.2011 14:00:00;16.01.2011 15:00:00;4297,45;;50,3623;;;
16.01.2011 15:00:00;16.01.2011 16:00:00;4314,84;;54,5925;;;
16.01.2011 16:00:00;16.01.2011 17:00:00;4423,53;;58,7580;;;
16.01.2011 17:00:00;16.01.2011 18:00:00;4730,62;;62,9433;;;
16.01.2011 18:00:00;16.01.2011 19:00:00;5369,66;;67,0803;;;
16.01.2011 19:00:00;16.01.2011 20:00:00;5415,86;;67,9873;;;
16.01.2011 20:00:00;16.01.2011 21:00:00;5003,4;;66,6253;;;
16.01.2011 21:00:00;16.01.2011 22:00:00;4855,02;;65,0558;;;
16.01.2011 22:00:00;16.01.2011 23:00:00;4741,84;;63,6875;;;
16.01.2011 23:00:00;17.01.2011 00:00:00;4512,52;;62,6333;;;
17.01.2011 00:00:00;17.01.2011 01:00:00;5095,55;;47,6340;;;
17.01.2011 01:00:00;17.01.2011 02:00:00;5264,27;;46,6585;;;
17.01.2011 02:00:00;17.01.2011 03:00:00;4997;;44,8710;;;
17.01.2011 03:00:00;17.01.2011 04:00:00;5122,87;;42,7803;;;
17.01.2011 04:00:00;17.01.2011 05:00:00;5502,42;;41,8608;;;
17.01.2011 05:00:00;17.01.2011 06:00:00;5664,01;;41,8123;;;
17.01.2011 06:00:00;17.01.2011 07:00:00;6414,49;;42,1883;;;
17.01.2011 07:00:00;17.01.2011 08:00:00;7346,39;;42,1555;;;
17.01.2011 08:00:00;17.01.2011 09:00:00;8310,94;;41,3895;;;
17.01.2011 09:00:00;17.01.2011 10:00:00;7706,56;;40,6763;;;
17.01.2011 10:00:00;17.01.2011 11:00:00;7812,34;;40,1938;;;
17.01.2011 11:00:00;17.01.2011 12:00:00;7835,92;;39,6890;;;
17.01.2011 12:00:00;17.01.2011 13:00:00;7869,49;;39,3018;;;
17.01.2011 13:00:00;17.01.2011 14:00:00;7677,07;;39,3348;;;
17.01.2011 14:00:00;17.01.2011 15:00:00;7606,58;;39,4825;;;
17.01.2011 15:00:00;17.01.2011 16:00:00;7567,33;;39,5503;;;
17.01.2011 16:00:00;17.01.2011 17:00:00;7630,21;;40,1525;;;
17.01.2011 17:00:00;17.01.2011 18:00:00;8477,6;;41,2870;;;
17.01.2011 18:00:00;17.01.2011 19:00:00;8715,39;;42,5738;;;
17.01.2011 19:00:00;17.01.2011 20:00:00;8301,17;;41,7743;;;
17.01.2011 20:00:00;17.01.2011 21:00:00;7267,21;;41,4385;;;
17.01.2011 21:00:00;17.01.2011 22:00:00;7098,82;;42,1295;;;
17.01.2011 22:00:00;17.01.2011 23:00:00;6979,85;;42,7688;;;
17.01.2011 23:00:00;18.01.2011 00:00:00;6630,18;;43,3245;;;
18.01.2011 00:00:00;18.01.2011 01:00:00;5629,07;;52,0090;;;
18.01.2011 01:00:00;18.01.2011 02:00:00;5356,49;;52,6100;;;
18.01.2011 02:00:00;18.01.2011 03:00:00;5317,41;;54,1145;;;
18.01.2011 03:00:00;18.01.2011 04:00:00;5325,11;;57,0663;;;
18.01.2011 04:00:00;18.01.2011 05:00:00;5330,35;;61,3443;;;
18.01.2011 05:00:00;18.01.2011 06:00:00;5535,77;;65,0840;;;
18.01.2011 06:00:00;18.01.2011 07:00:00;6617,88;;69,0453;;;
18.01.2011 07:00:00;18.01.2011 08:00:00;7474,73;;72,8485;;;
18.01.2011 08:00:00;18.01.2011 09:00:00;8127,4;;77,1878;;;
18.01.2011 09:00:00;18.01.2011 10:00:00;8006,07;;82,7790;;;
18.01.2011 10:00:00;18.01.2011 11:00:00;8176,78;;88,8745;;;
18.01.2011 11:00:00;18.01.2011 12:00:00;8249,44;;95,7010;;;
18.01.2011 12:00:00;18.01.2011 13:00:00;8029,96;;102,3418;;;
18.01.2011 13:00:00;18.01.2011 14:00:00;7888,85;;105,6630;;;
18.01.2011 14:00:00;18.01.2011 15:00:00;7798,22;;104,4520;;;
18.01.2011 15:00:00;18.01.2011 16:00:00;7788,78;;101,7143;;;
18.01.2011 16:00:00;18.01.2011 17:00:00;7882,22;;98,8738;;;
18.01.2011 17:00:00;18.01.2011 18:00:00;8821,92;;96,4678;;;
18.01.2011 18:00:00;18.01.2011 19:00:00;9264,33;;94,5805;;;
18.01.2011 19:00:00;18.01.2011 20:00:00;8806,78;;89,8940;;;
18.01.2011 20:00:00;18.01.2011 21:00:00;7558,11;;83,2088;;;
18.01.2011 21:00:00;18.01.2011 22:00:00;7248,73;;76,4940;;;
18.01.2011 22:00:00;18.01.2011 23:00:00;7074,66;;70,5763;;;
18.01.2011 23:00:00;19.01.2011 00:00:00;6592,62;;65,1213;;;
19.01.2011 00:00:00;19.01.2011 01:00:00;6008,65;;55,0140;;;
19.01.2011 01:00:00;19.01.2011 02:00:00;5674,28;;53,2493;;;
19.01.2011 02:00:00;19.01.2011 03:00:00;5571,37;;54,6383;;;
19.01.2011 03:00:00;19.01.2011 04:00:00;5552,91;;58,5783;;;
19.01.2011 04:00:00;19.01.2011 05:00:00;5586,39;;62,7433;;;
19.01.2011 05:00:00;19.01.2011 06:00:00;5908,66;;66,5095;;;
19.01.2011 06:00:00;19.01.2011 07:00:00;7255,04;;72,6570;;;
19.01.2011 07:00:00;19.01.2011 08:00:00;8253,33;;84,0673;;;
19.01.2011 08:00:00;19.01.2011 09:00:00;8623,5;;99,5668;;;
19.01.2011 09:00:00;19.01.2011 10:00:00;8779,28;;122,9048;;;
19.01.2011 10:00:00;19.01.2011 11:00:00;8729,88;;149,6843;;;
19.01.2011 11:00:00;19.01.2011 12:00:00;8804,77;;175,7805;;;
19.01.2011 12:00:00;19.01.2011 13:00:00;8778,95;;195,4528;;;
19.01.2011 13:00:00;19.01.2011 14:00:00;8521,24;;210,7560;;;
19.01.2011 14:00:00;19.01.2011 15:00:00;8026,22;;237,4990;;;
19.01.2011 15:00:00;19.01.2011 16:00:00;8027,46;;280,6218;;;
19.01.2011 16:00:00;19.01.2011 17:00:00;8280,96;;308,3150;;;
19.01.2011 17:00:00;19.01.2011 18:00:00;9159,12;;333,3530;;;
19.01.2011 18:00:00;19.01.2011 19:00:00;9275,65;;360,2735;;;
19.01.2011 19:00:00;19.01.2011 20:00:00;8983,07;;375,0800;;;
19.01.2011 20:00:00;19.01.2011 21:00:00;8441,3;;374,3823;;;
19.01.2011 21:00:00;19.01.2011 22:00:00;7759,65;;372,5958;;;
19.01.2011 22:00:00;19.01.2011 23:00:00;7631,78;;374,9553;;;
19.01.2011 23:00:00;20.01.2011 00:00:00;7222,11;;383,3960;;;
20.01.2011 00:00:00;20.01.2011 01:00:00;7084,95;;435,2340;;;
20.01.2011 01:00:00;20.01.2011 02:00:00;6933,06;;427,7985;;;
20.01.2011 02:00:00;20.01.2011 03:00:00;6473,08;;413,5495;;;
20.01.2011 03:00:00;20.01.2011 04:00:00;6266,35;;399,1748;;;
20.01.2011 04:00:00;20.01.2011 05:00:00;6318,33;;381,1085;;;
20.01.2011 05:00:00;20.01.2011 06:00:00;6915,28;;363,1638;;;
20.01.2011 06:00:00;20.01.2011 07:00:00;7659,25;;348,3038;;;
20.01.2011 07:00:00;20.01.2011 08:00:00;8707,55;;339,0973;;;
20.01.2011 08:00:00;20.01.2011 09:00:00;9394,57;;339,6613;;;
20.01.2011 09:00:00;20.01.2011 10:00:00;9357,52;;345,8268;;;
20.01.2011 10:00:00;20.01.2011 11:00:00;9369,62;;351,3245;;;
20.01.2011 11:00:00;20.01.2011 12:00:00;9369,74;;354,2190;;;
20.01.2011 12:00:00;20.01.2011 13:00:00;9231,05;;346,7573;;;
20.01.2011 13:00:00;20.01.2011 14:00:00;8878,72;;322,3823;;;
20.01.2011 14:00:00;20.01.2011 15:00:00;8676,09;;285,3863;;;
20.01.2011 15:00:00;20.01.2011 16:00:00;8151,28;;251,2760;;;
20.01.2011 16:00:00;20.01.2011 17:00:00;8673,63;;231,0945;;;
20.01.2011 17:00:00;20.01.2011 18:00:00;9406,45;;217,7878;;;
20.01.2011 18:00:00;20.01.2011 19:00:00;9447,12;;201,2355;;;
20.01.2011 19:00:00;20.01.2011 20:00:00;9307,17;;188,2355;;;
20.01.2011 20:00:00;20.01.2011 21:00:00;8634,95;;189,8875;;;
20.01.2011 21:00:00;20.01.2011 22:00:00;7910,86;;203,1198;;;
20.01.2011 22:00:00;20.01.2011 23:00:00;7622,76;;214,5563;;;
20.01.2011 23:00:00;21.01.2011 00:00:00;7222,31;;223,5220;;;
21.01.2011 00:00:00;21.01.2011 01:00:00;6980,92;;261,5840;;;
21.01.2011 01:00:00;21.01.2011 02:00:00;6844,11;;267,4035;;;
21.01.2011 02:00:00;21.01.2011 03:00:00;6406,3;;283,1395;;;
21.01.2011 03:00:00;21.01.2011 04:00:00;6339,76;;302,4840;;;
21.01.2011 04:00:00;21.01.2011 05:00:00;6401,81;;315,9048;;;
21.01.2011 05:00:00;21.01.2011 06:00:00;7065,21;;320,3565;;;
21.01.2011 06:00:00;21.01.2011 07:00:00;7995,95;;325,8270;;;
21.01.2011 07:00:00;21.01.2011 08:00:00;9049,79;;338,9598;;;
21.01.2011 08:00:00;21.01.2011 09:00:00;9364,15;;356,8278;;;
21.01.2011 09:00:00;21.01.2011 10:00:00;9379,23;;374,4695;;;
21.01.2011 10:00:00;21.01.2011 11:00:00;9279,12;;403,0040;;;
21.01.2011 11:00:00;21.01.2011 12:00:00;9346,7;;440,9755;;;
21.01.2011 12:00:00;21.01.2011 13:00:00;9196,62;;467,4058;;;
21.01.2011 13:00:00;21.01.2011 14:00:00;9040,72;;467,1365;;;
21.01.2011 14:00:00;21.01.2011 15:00:00;8235,79;;438,9328;;;
21.01.2011 15:00:00;21.01.2011 16:00:00;8116,25;;404,2145;;;
21.01.2011 16:00:00;21.01.2011 17:00:00;8737,7;;380,8413;;;
21.01.2011 17:00:00;21.01.2011 18:00:00;9437,51;;372,6443;;;
21.01.2011 18:00:00;21.01.2011 19:00:00;9431,99;;371,2353;;;
21.01.2011 19:00:00;21.01.2011 20:00:00;9181,97;;372,9350;;;
21.01.2011 20:00:00;21.01.2011 21:00:00;8486,33;;374,9450;;;
21.01.2011 21:00:00;21.01.2011 22:00:00;7848,09;;373,4978;;;
21.01.2011 22:00:00;21.01.2011 23:00:00;7698,43;;373,4920;;;
21.01.2011 23:00:00;22.01.2011 00:00:00;7348,18;;380,1700;;;
22.01.2011 00:00:00;22.01.2011 01:00:00;6891,76;;335,9860;;;
22.01.2011 01:00:00;22.01.2011 02:00:00;6785,12;;342,0193;;;
22.01.2011 02:00:00;22.01.2011 03:00:00;6324,89;;344,6118;;;
22.01.2011 03:00:00;22.01.2011 04:00:00;6156,2;;341,3448;;;
22.01.2011 04:00:00;22.01.2011 05:00:00;6167,37;;339,5410;;;
22.01.2011 05:00:00;22.01.2011 06:00:00;6205,8;;342,5060;;;
22.01.2011 06:00:00;22.01.2011 07:00:00;6382,21;;342,5115;;;
22.01.2011 07:00:00;22.01.2011 08:00:00;7050,95;;346,5645;;;
22.01.2011 08:00:00;22.01.2011 09:00:00;7413,15;;363,9500;;;
22.01.2011 09:00:00;22.01.2011 10:00:00;7815,99;;378,5870;;;
22.01.2011 10:00:00;22.01.2011 11:00:00;8061,57;;389,4248;;;
22.01.2011 11:00:00;22.01.2011 12:00:00;8289,72;;403,8123;;;
22.01.2011 12:00:00;22.01.2011 13:00:00;8322,59;;412,6858;;;
22.01.2011 13:00:00;22.01.2011 14:00:00;7624,69;;408,4845;;;
22.01.2011 14:00:00;22.01.2011 15:00:00;7340,02;;389,3793;;;
22.01.2011 15:00:00;22.01.2011 16:00:00;7171,7;;358,5455;;;
22.01.2011 16:00:00;22.01.2011 17:00:00;7354,41;;332,2093;;;
22.01.2011 17:00:00;22.01.2011 18:00:00;8889,81;;311,6698;;;
22.01.2011 18:00:00;22.01.2011 19:00:00;9210,84;;302,5858;;;
22.01.2011 19:00:00;22.01.2011 20:00:00;8464,33;;312,4608;;;
22.01.2011 20:00:00;22.01.2011 21:00:00;7575,86;;340,8755;;;
22.01.2011 21:00:00;22.01.2011 22:00:00;7412,54;;384,3600;;;
22.01.2011 22:00:00;22.01.2011 23:00:00;7376,01;;420,2423;;;
22.01.2011 23:00:00;23.01.2011 00:00:00;7053,59;;441,2520;;;
23.01.2011 00:00:00;23.01.2011 01:00:00;6713,21;;404,7660;;;
23.01.2011 01:00:00;23.01.2011 02:00:00;5751,26;;407,5728;;;
23.01.2011 02:00:00;23.01.2011 03:00:00;5573,08;;407,3778;;;
23.01.2011 03:00:00;23.01.2011 04:00:00;5571,84;;402,8305;;;
23.01.2011 04:00:00;23.01.2011 05:00:00;5577,47;;399,3038;;;
23.01.2011 05:00:00;23.01.2011 06:00:00;5676,02;;400,9043;;;
23.01.2011 06:00:00;23.01.2011 07:00:00;5733,76;;407,8360;;;
23.01.2011 07:00:00;23.01.2011 08:00:00;5809,37;;421,3218;;;
23.01.2011 08:00:00;23.01.2011 09:00:00;6095,33;;438,5713;;;
23.01.2011 09:00:00;23.01.2011 10:00:00;6736,17;;457,7928;;;
23.01.2011 10:00:00;23.01.2011 11:00:00;7302,91;;477,6950;;;
23.01.2011 11:00:00;23.01.2011 12:00:00;7628,96;;496,4400;;;
23.01.2011 12:00:00;23.01.2011 13:00:00;7626,33;;505,7043;;;
23.01.2011 13:00:00;23.01.2011 14:00:00;7261,07;;510,5428;;;
23.01.2011 14:00:00;23.01.2011 15:00:00;6780,7;;509,6113;;;
23.01.2011 15:00:00;23.01.2011 16:00:00;6774,78;;517,2990;;;
23.01.2011 16:00:00;23.01.2011 17:00:00;6954,47;;541,2233;;;
23.01.2011 17:00:00;23.01.2011 18:00:00;7902,23;;563,0865;;;
23.01.2011 18:00:00;23.01.2011 19:00:00;9119,88;;572,0630;;;
23.01.2011 19:00:00;23.01.2011 20:00:00;9073,86;;556,8023;;;
23.01.2011 20:00:00;23.01.2011 21:00:00;8095,19;;521,4083;;;
23.01.2011 21:00:00;23.01.2011 22:00:00;7660,01;;474,1588;;;
23.01.2011 22:00:00;23.01.2011 23:00:00;7517,36;;424,8040;;;
23.01.2011 23:00:00;24.01.2011 00:00:00;6873,8;;381,7218;;;
24.01.2011 00:00:00;24.01.2011 01:00:00;6076,17;;310,8080;;;
24.01.2011 01:00:00;24.01.2011 02:00:00;5577,42;;289,0093;;;
24.01.2011 02:00:00;24.01.2011 03:00:00;5428,98;;254,5523;;;
24.01.2011 03:00:00;24.01.2011 04:00:00;5414,25;;225,9980;;;
24.01.2011 04:00:00;24.01.2011 05:00:00;5463,79;;205,4138;;;
24.01.2011 05:00:00;24.01.2011 06:00:00;5850,17;;186,3408;;;
24.01.2011 06:00:00;24.01.2011 07:00:00;7060,8;;170,6615;;;
24.01.2011 07:00:00;24.01.2011 08:00:00;8706,97;;162,8118;;;
24.01.2011 08:00:00;24.01.2011 09:00:00;9150,88;;160,1255;;;
24.01.2011 09:00:00;24.01.2011 10:00:00;9183,15;;163,6143;;;
24.01.2011 10:00:00;24.01.2011 11:00:00;9129,26;;170,0170;;;
24.01.2011 11:00:00;24.01.2011 12:00:00;9182,33;;178,2580;;;
24.01.2011 12:00:00;24.01.2011 13:00:00;9290,48;;185,1423;;;
24.01.2011 13:00:00;24.01.2011 14:00:00;9075,73;;175,8425;;;
24.01.2011 14:00:00;24.01.2011 15:00:00;8714,18;;152,5808;;;
24.01.2011 15:00:00;24.01.2011 16:00:00;8400,66;;127,7068;;;
24.01.2011 16:00:00;24.01.2011 17:00:00;8700,29;;106,1095;;;
24.01.2011 17:00:00;24.01.2011 18:00:00;9162,86;;87,6048;;;
24.01.2011 18:00:00;24.01.2011 19:00:00;9235,35;;73,8105;;;
24.01.2011 19:00:00;24.01.2011 20:00:00;9188,08;;67,0480;;;
24.01.2011 20:00:00;24.01.2011 21:00:00;8053,83;;64,8015;;;
24.01.2011 21:00:00;24.01.2011 22:00:00;7237,28;;65,3383;;;
24.01.2011 22:00:00;24.01.2011 23:00:00;7076,95;;67,6988;;;
24.01.2011 23:00:00;25.01.2011 00:00:00;6534,19;;71,4165;;;
25.01.2011 00:00:00;25.01.2011 01:00:00;6163,7;;71,2320;;;
25.01.2011 01:00:00;25.01.2011 02:00:00;5736,88;;74,6310;;;
25.01.2011 02:00:00;25.01.2011 03:00:00;5557,42;;80,3450;;;
25.01.2011 03:00:00;25.01.2011 04:00:00;5538,1;;85,2783;;;
25.01.2011 04:00:00;25.01.2011 05:00:00;5559,35;;88,9800;;;
25.01.2011 05:00:00;25.01.2011 06:00:00;5890,76;;91,4063;;;
25.01.2011 06:00:00;25.01.2011 07:00:00;6714,44;;93,0015;;;
25.01.2011 07:00:00;25.01.2011 08:00:00;8051,71;;96,1503;;;
25.01.2011 08:00:00;25.01.2011 09:00:00;8610,07;;102,1428;;;
25.01.2011 09:00:00;25.01.2011 10:00:00;8378,52;;110,5188;;;
25.01.2011 10:00:00;25.01.2011 11:00:00;8502,54;;119,8430;;;
25.01.2011 11:00:00;25.01.2011 12:00:00;8435,08;;129,6450;;;
25.01.2011 12:00:00;25.01.2011 13:00:00;7828,21;;139,4175;;;
25.01.2011 13:00:00;25.01.2011 14:00:00;7855,99;;150,0475;;;
25.01.2011 14:00:00;25.01.2011 15:00:00;7237,03;;162,9995;;;
25.01.2011 15:00:00;25.01.2011 16:00:00;7064,55;;179,1095;;;
25.01.2011 16:00:00;25.01.2011 17:00:00;8211,8;;195,7540;;;
25.01.2011 17:00:00;25.01.2011 18:00:00;8941,67;;211,9653;;;
25.01.2011 18:00:00;25.01.2011 19:00:00;9074,59;;220,6975;;;
25.01.2011 19:00:00;25.01.2011 20:00:00;8824,04;;212,6380;;;
25.01.2011 20:00:00;25.01.2011 21:00:00;7910,36;;205,8630;;;
25.01.2011 21:00:00;25.01.2011 22:00:00;7128,05;;213,6175;;;
25.01.2011 22:00:00;25.01.2011 23:00:00;6859,92;;226,1388;;;
25.01.2011 23:00:00;26.01.2011 00:00:00;6561,83;;234,5648;;;
26.01.2011 00:00:00;26.01.2011 01:00:00;6445,78;;236,1150;;;
26.01.2011 01:00:00;26.01.2011 02:00:00;6343;;232,7800;;;
26.01.2011 02:00:00;26.01.2011 03:00:00;5959,48;;231,2600;;;
26.01.2011 03:00:00;26.01.2011 04:00:00;5853,59;;229,5915;;;
26.01.2011 04:00:00;26.01.2011 05:00:00;5974,55;;228,4880;;;
26.01.2011 05:00:00;26.01.2011 06:00:00;6253,33;;227,5630;;;
26.01.2011 06:00:00;26.01.2011 07:00:00;7094,91;;225,5733;;;
26.01.2011 07:00:00;26.01.2011 08:00:00;8232,44;;225,7370;;;
26.01.2011 08:00:00;26.01.2011 09:00:00;8765,71;;224,3585;;;
26.01.2011 09:00:00;26.01.2011 10:00:00;8748;;216,8610;;;
26.01.2011 10:00:00;26.01.2011 11:00:00;8811,88;;205,5685;;;
26.01.2011 11:00:00;26.01.2011 12:00:00;8766,59;;198,9460;;;
26.01.2011 12:00:00;26.01.2011 13:00:00;8857;;194,5965;;;
26.01.2011 13:00:00;26.01.2011 14:00:00;8737,33;;182,2805;;;
26.01.2011 14:00:00;26.01.2011 15:00:00;8227,84;;160,8065;;;
26.01.2011 15:00:00;26.01.2011 16:00:00;8134,33;;136,3883;;;
26.01.2011 16:00:00;26.01.2011 17:00:00;8593,69;;113,7303;;;
26.01.2011 17:00:00;26.01.2011 18:00:00;9034,12;;94,1615;;;
26.01.2011 18:00:00;26.01.2011 19:00:00;9145,66;;78,4118;;;
26.01.2011 19:00:00;26.01.2011 20:00:00;8738,77;;68,8475;;;
26.01.2011 20:00:00;26.01.2011 21:00:00;8031,91;;63,2088;;;
26.01.2011 21:00:00;26.01.2011 22:00:00;6869,72;;59,5065;;;
26.01.2011 22:00:00;26.01.2011 23:00:00;6715,48;;57,2305;;;
26.01.2011 23:00:00;27.01.2011 00:00:00;6454,17;;56,2190;;;
27.01.2011 00:00:00;27.01.2011 01:00:00;5547,47;;52,7490;;;
27.01.2011 01:00:00;27.01.2011 02:00:00;5409,71;;51,8195;;;
27.01.2011 02:00:00;27.01.2011 03:00:00;5310,51;;49,9085;;;
27.01.2011 03:00:00;27.01.2011 04:00:00;5286,02;;47,9798;;;
27.01.2011 04:00:00;27.01.2011 05:00:00;5330,57;;46,4465;;;
27.01.2011 05:00:00;27.01.2011 06:00:00;5541,9;;45,3285;;;
27.01.2011 06:00:00;27.01.2011 07:00:00;6352,93;;44,6355;;;
27.01.2011 07:00:00;27.01.2011 08:00:00;7714,28;;45,2428;;;
27.01.2011 08:00:00;27.01.2011 09:00:00;8125,58;;46,1365;;;
27.01.2011 09:00:00;27.01.2011 10:00:00;8195,95;;46,9773;;;
27.01.2011 10:00:00;27.01.2011 11:00:00;8200,33;;47,5538;;;
27.01.2011 11:00:00;27.01.2011 12:00:00;8206,52;;48,8440;;;
27.01.2011 12:00:00;27.01.2011 13:00:00;8176,13;;51,9325;;;
27.01.2011 13:00:00;27.01.2011 14:00:00;7881,64;;55,6928;;;
27.01.2011 14:00:00;27.01.2011 15:00:00;7655,01;;59,4690;;;
27.01.2011 15:00:00;27.01.2011 16:00:00;7516,67;;62,4220;;;
27.01.2011 16:00:00;27.01.2011 17:00:00;7740,17;;65,2258;;;
27.01.2011 17:00:00;27.01.2011 18:00:00;8266,51;;67,7628;;;
27.01.2011 18:00:00;27.01.2011 19:00:00;8426,23;;71,1473;;;
27.01.2011 19:00:00;27.01.2011 20:00:00;8192,34;;73,4263;;;
27.01.2011 20:00:00;27.01.2011 21:00:00;7592,31;;73,2775;;;
27.01.2011 21:00:00;27.01.2011 22:00:00;6323,55;;74,2698;;;
27.01.2011 22:00:00;27.01.2011 23:00:00;6178,56;;76,9988;;;
27.01.2011 23:00:00;28.01.2011 00:00:00;5956,45;;81,3633;;;
28.01.2011 00:00:00;28.01.2011 01:00:00;6294,31;;75,7230;;;
28.01.2011 01:00:00;28.01.2011 02:00:00;6061,65;;74,2163;;;
28.01.2011 02:00:00;28.01.2011 03:00:00;5938,4;;70,7040;;;
28.01.2011 03:00:00;28.01.2011 04:00:00;5796,55;;67,4163;;;
28.01.2011 04:00:00;28.01.2011 05:00:00;5866,58;;65,2968;;;
28.01.2011 05:00:00;28.01.2011 06:00:00;6109,2;;65,0725;;;
28.01.2011 06:00:00;28.01.2011 07:00:00;6863,97;;66,6555;;;
28.01.2011 07:00:00;28.01.2011 08:00:00;8156,85;;67,5088;;;
28.01.2011 08:00:00;28.01.2011 09:00:00;8779,69;;66,9285;;;
28.01.2011 09:00:00;28.01.2011 10:00:00;8757,09;;65,7510;;;
28.01.2011 10:00:00;28.01.2011 11:00:00;8681,61;;64,0680;;;
28.01.2011 11:00:00;28.01.2011 12:00:00;8681,72;;63,2043;;;
28.01.2011 12:00:00;28.01.2011 13:00:00;8609,91;;64,0783;;;
28.01.2011 13:00:00;28.01.2011 14:00:00;8269,99;;66,7880;;;
28.01.2011 14:00:00;28.01.2011 15:00:00;7593,16;;69,5720;;;
28.01.2011 15:00:00;28.01.2011 16:00:00;6992,63;;70,0618;;;
28.01.2011 16:00:00;28.01.2011 17:00:00;7074,03;;68,8390;;;
28.01.2011 17:00:00;28.01.2011 18:00:00;8582,56;;67,6765;;;
28.01.2011 18:00:00;28.01.2011 19:00:00;8814,04;;67,6358;;;
28.01.2011 19:00:00;28.01.2011 20:00:00;8550,42;;65,0710;;;
28.01.2011 20:00:00;28.01.2011 21:00:00;7297,49;;61,3085;;;
28.01.2011 21:00:00;28.01.2011 22:00:00;6911,81;;57,9748;;;
28.01.2011 22:00:00;28.01.2011 23:00:00;6597,87;;54,9823;;;
28.01.2011 23:00:00;29.01.2011 00:00:00;6235,07;;52,3625;;;
29.01.2011 00:00:00;29.01.2011 01:00:00;6097,98;;62,9530;;;
29.01.2011 01:00:00;29.01.2011 02:00:00;6031,49;;62,6348;;;
29.01.2011 02:00:00;29.01.2011 03:00:00;5820,31;;62,3510;;;
29.01.2011 03:00:00;29.01.2011 04:00:00;5833,38;;62,6185;;;
29.01.2011 04:00:00;29.01.2011 05:00:00;5819,5;;64,2605;;;
29.01.2011 05:00:00;29.01.2011 06:00:00;5850,04;;68,0680;;;
29.01.2011 06:00:00;29.01.2011 07:00:00;5976,92;;72,6908;;;
29.01.2011 07:00:00;29.01.2011 08:00:00;6199,66;;78,6020;;;
29.01.2011 08:00:00;29.01.2011 09:00:00;6526,53;;88,2865;;;
29.01.2011 09:00:00;29.01.2011 10:00:00;6740,12;;105,9353;;;
29.01.2011 10:00:00;29.01.2011 11:00:00;6881,1;;125,8680;;;
29.01.2011 11:00:00;29.01.2011 12:00:00;7096,98;;145,5695;;;
29.01.2011 12:00:00;29.01.2011 13:00:00;6909,04;;169,3960;;;
29.01.2011 13:00:00;29.01.2011 14:00:00;6720,43;;190,2663;;;
29.01.2011 14:00:00;29.01.2011 15:00:00;6500,8;;197,2143;;;
29.01.2011 15:00:00;29.01.2011 16:00:00;6358,12;;194,3790;;;
29.01.2011 16:00:00;29.01.2011 17:00:00;6444,55;;198,0425;;;
29.01.2011 17:00:00;29.01.2011 18:00:00;7072,18;;206,1820;;;
29.01.2011 18:00:00;29.01.2011 19:00:00;8152,94;;214,1315;;;
29.01.2011 19:00:00;29.01.2011 20:00:00;7800,17;;216,4733;;;
29.01.2011 20:00:00;29.01.2011 21:00:00;6733,41;;215,8683;;;
29.01.2011 21:00:00;29.01.2011 22:00:00;6493,63;;215,0985;;;
29.01.2011 22:00:00;29.01.2011 23:00:00;6480,67;;213,3028;;;
29.01.2011 23:00:00;30.01.2011 00:00:00;6233,56;;212,2020;;;
30.01.2011 00:00:00;30.01.2011 01:00:00;6220,79;;277,8860;;;
30.01.2011 01:00:00;30.01.2011 02:00:00;5903,14;;269,7518;;;
30.01.2011 02:00:00;30.01.2011 03:00:00;5488,25;;254,6630;;;
30.01.2011 03:00:00;30.01.2011 04:00:00;5262,16;;235,8678;;;
30.01.2011 04:00:00;30.01.2011 05:00:00;5293,58;;214,1983;;;
30.01.2011 05:00:00;30.01.2011 06:00:00;5352,78;;195,5098;;;
30.01.2011 06:00:00;30.01.2011 07:00:00;5425,33;;180,5053;;;
30.01.2011 07:00:00;30.01.2011 08:00:00;5489,82;;165,2443;;;
30.01.2011 08:00:00;30.01.2011 09:00:00;5851,41;;145,7283;;;
30.01.2011 09:00:00;30.01.2011 10:00:00;6135,55;;130,7068;;;
30.01.2011 10:00:00;30.01.2011 11:00:00;6403,44;;123,8660;;;
30.01.2011 11:00:00;30.01.2011 12:00:00;6583,65;;116,5858;;;
30.01.2011 12:00:00;30.01.2011 13:00:00;6574,11;;105,1530;;;
30.01.2011 13:00:00;30.01.2011 14:00:00;6334,18;;91,2953;;;
30.01.2011 14:00:00;30.01.2011 15:00:00;6070,62;;77,8438;;;
30.01.2011 15:00:00;30.01.2011 16:00:00;6033,35;;68,8945;;;
30.01.2011 16:00:00;30.01.2011 17:00:00;6103,09;;62,1668;;;
30.01.2011 17:00:00;30.01.2011 18:00:00;6550,94;;55,1395;;;
30.01.2011 18:00:00;30.01.2011 19:00:00;7633,16;;49,3378;;;
30.01.2011 19:00:00;30.01.2011 20:00:00;7611,1;;46,1655;;;
30.01.2011 20:00:00;30.01.2011 21:00:00;7277,06;;43,5820;;;
30.01.2011 21:00:00;30.01.2011 22:00:00;6512,8;;41,3420;;;
30.01.2011 22:00:00;30.01.2011 23:00:00;6391,87;;40,4603;;;
30.01.2011 23:00:00;31.01.2011 00:00:00;6023,83;;41,5998;;;
31.01.2011 00:00:00;31.01.2011 01:00:00;5878,06;;37,7090;;;
31.01.2011 01:00:00;31.01.2011 02:00:00;5703,03;;37,6665;;;
31.01.2011 02:00:00;31.01.2011 03:00:00;5627,69;;38,0140;;;
31.01.2011 03:00:00;31.01.2011 04:00:00;5540,54;;39,4123;;;
31.01.2011 04:00:00;31.01.2011 05:00:00;5546,88;;41,3820;;;
31.01.2011 05:00:00;31.01.2011 06:00:00;5785,45;;42,5905;;;
31.01.2011 06:00:00;31.01.2011 07:00:00;6570,11;;43,1283;;;
31.01.2011 07:00:00;31.01.2011 08:00:00;8276,5;;43,8600;;;
31.01.2011 08:00:00;31.01.2011 09:00:00;8814,19;;45,1463;;;
31.01.2011 09:00:00;31.01.2011 10:00:00;8965,9;;47,0738;;;
31.01.2011 10:00:00;31.01.2011 11:00:00;8989,51;;49,7878;;;
31.01.2011 11:00:00;31.01.2011 12:00:00;8996,28;;53,8598;;;
31.01.2011 12:00:00;31.01.2011 13:00:00;8803,29;;59,1840;;;
31.01.2011 13:00:00;31.01.2011 14:00:00;8632,25;;63,3085;;;
31.01.2011 14:00:00;31.01.2011 15:00:00;8438,03;;65,3510;;;
31.01.2011 15:00:00;31.01.2011 16:00:00;8181,51;;67,2943;;;
31.01.2011 16:00:00;31.01.2011 17:00:00;8038,56;;70,0235;;;
31.01.2011 17:00:00;31.01.2011 18:00:00;8943,89;;72,6910;;;
31.01.2011 18:00:00;31.01.2011 19:00:00;9107,45;;75,6233;;;
31.01.2011 19:00:00;31.01.2011 20:00:00;8948,79;;75,2113;;;
31.01.2011 20:00:00;31.01.2011 21:00:00;8161,38;;72,5615;;;
31.01.2011 21:00:00;31.01.2011 22:00:00;7723,99;;68,5873;;;
31.01.2011 22:00:00;31.01.2011 23:00:00;6943,71;;65,5333;;;
31.01.2011 23:00:00;01.02.2011 00:00:00;6454,1;;62,0928;;;
